--
-- PostgreSQL database cluster dump
--

SET default_transaction_read_only = off;

SET client_encoding = 'UTF8';
SET standard_conforming_strings = on;

--
-- Roles
--

CREATE ROLE chung;
ALTER ROLE chung WITH NOSUPERUSER INHERIT NOCREATEROLE NOCREATEDB LOGIN NOREPLICATION NOBYPASSRLS PASSWORD 'SCRAM-SHA-256$4096:b8SjWGdu2ggByVxLdGJPDQ==$InIX9TulkFR2KqX+/iT+RCqDA4/HpZrTeRHIV3/t+HM=:pE8x9i/+yEMkrMkOSEIghcJ+slqeAuzE/dOT1LKKY8o=';
CREATE ROLE postgres;
ALTER ROLE postgres WITH SUPERUSER INHERIT CREATEROLE CREATEDB LOGIN REPLICATION BYPASSRLS PASSWORD 'SCRAM-SHA-256$4096:P1LfRqO0keCTxucz3Mi2Cg==$XJ2s7SiM7GBwnwlPNuDwnSqbJcLZmQmueiXB/HVMHSo=:Clr+j5nKE8GhVoO8JEY1BDEzDvuDmCoImUQ1dbPzeKk=';
CREATE ROLE replication;
ALTER ROLE replication WITH NOSUPERUSER INHERIT NOCREATEROLE NOCREATEDB LOGIN REPLICATION NOBYPASSRLS PASSWORD 'SCRAM-SHA-256$4096:P3O+FWIp8PwlT7PfcjmqkQ==$QtAHeizZOtpuZ3IjPAxzrP+i+DEALhE/sl+X0iyAJBw=:L7CNSTkElWZbFBEcPG8FSFKEA30t6QzOTQxNTdaOzBE=';

--
-- User Configurations
--








--
-- Databases
--

--
-- Database "template1" dump
--

\connect template1

--
-- PostgreSQL database dump
--

-- Dumped from database version 16.3 (Debian 16.3-1.pgdg120+1)
-- Dumped by pg_dump version 16.3 (Debian 16.3-1.pgdg120+1)

SET statement_timeout = 0;
SET lock_timeout = 0;
SET idle_in_transaction_session_timeout = 0;
SET client_encoding = 'UTF8';
SET standard_conforming_strings = on;
SELECT pg_catalog.set_config('search_path', '', false);
SET check_function_bodies = false;
SET xmloption = content;
SET client_min_messages = warning;
SET row_security = off;

--
-- PostgreSQL database dump complete
--

--
-- Database "postgres" dump
--

\connect postgres

--
-- PostgreSQL database dump
--

-- Dumped from database version 16.3 (Debian 16.3-1.pgdg120+1)
-- Dumped by pg_dump version 16.3 (Debian 16.3-1.pgdg120+1)

SET statement_timeout = 0;
SET lock_timeout = 0;
SET idle_in_transaction_session_timeout = 0;
SET client_encoding = 'UTF8';
SET standard_conforming_strings = on;
SELECT pg_catalog.set_config('search_path', '', false);
SET check_function_bodies = false;
SET xmloption = content;
SET client_min_messages = warning;
SET row_security = off;

--
-- Name: bank_region; Type: TYPE; Schema: public; Owner: postgres
--

CREATE TYPE public.bank_region AS ENUM (
    'north',
    'south',
    'unknown'
);


ALTER TYPE public.bank_region OWNER TO postgres;

--
-- Name: payby; Type: TYPE; Schema: public; Owner: postgres
--

CREATE TYPE public.payby AS ENUM (
    'credit card',
    'debit card',
    'cash',
    'transfer'
);


ALTER TYPE public.payby OWNER TO postgres;

--
-- Name: account_cred_tg_fn(); Type: FUNCTION; Schema: public; Owner: postgres
--

CREATE FUNCTION public.account_cred_tg_fn() RETURNS trigger
    LANGUAGE plpgsql
    AS $$
BEGIN
INSERT INTO account_cred_his(old_password, new_password) 
VALUES(OLD.password, NEW.password);
RETURN NEW;
END $$;


ALTER FUNCTION public.account_cred_tg_fn() OWNER TO postgres;

--
-- Name: transfer_funds(integer, integer, numeric, character varying, public.payby); Type: PROCEDURE; Schema: public; Owner: postgres
--

CREATE PROCEDURE public.transfer_funds(IN m_from integer, IN m_to integer, IN amount numeric, IN reason character varying DEFAULT NULL::character varying, IN method public.payby DEFAULT 'cash'::public.payby)
    LANGUAGE plpgsql
    AS $$
DECLARE
account_num int;
BEGIN
  select count(*) into account_num from account_information where account_id in (m_from, m_to);
  if account_num = 2 then 
    raise notice 'both account exist, transaction starting...';
    update account_information set balance=balance - amount where account_id = m_from;
    update account_information set balance=balance + amount where account_id = m_to;
    insert into account_info_trans_history(trans_sourceid,trans_amount,trans_targetid, trans_reason, trans_method) 
    values(m_from,amount,m_to, reason, method);
        
  else 
    raise exception 'One of the accounts does not exist';
    
  end if;
END$$;


ALTER PROCEDURE public.transfer_funds(IN m_from integer, IN m_to integer, IN amount numeric, IN reason character varying, IN method public.payby) OWNER TO postgres;

SET default_tablespace = '';

SET default_table_access_method = heap;

--
-- Name: account_cred_his; Type: TABLE; Schema: public; Owner: postgres
--

CREATE TABLE public.account_cred_his (
    his_id integer NOT NULL,
    his_time timestamp without time zone DEFAULT CURRENT_TIMESTAMP,
    old_password character varying(50),
    new_password character varying(50)
);


ALTER TABLE public.account_cred_his OWNER TO postgres;

--
-- Name: account_cred_his_his_id_seq; Type: SEQUENCE; Schema: public; Owner: postgres
--

CREATE SEQUENCE public.account_cred_his_his_id_seq
    AS integer
    START WITH 1
    INCREMENT BY 1
    NO MINVALUE
    NO MAXVALUE
    CACHE 1;


ALTER SEQUENCE public.account_cred_his_his_id_seq OWNER TO postgres;

--
-- Name: account_cred_his_his_id_seq; Type: SEQUENCE OWNED BY; Schema: public; Owner: postgres
--

ALTER SEQUENCE public.account_cred_his_his_id_seq OWNED BY public.account_cred_his.his_id;


--
-- Name: account_credentials; Type: TABLE; Schema: public; Owner: postgres
--

CREATE TABLE public.account_credentials (
    account_id integer,
    password character varying(50) NOT NULL
);


ALTER TABLE public.account_credentials OWNER TO postgres;

--
-- Name: account_info_trans_history; Type: TABLE; Schema: public; Owner: postgres
--

CREATE TABLE public.account_info_trans_history (
    trans_id integer NOT NULL,
    trans_time timestamp without time zone DEFAULT CURRENT_TIMESTAMP,
    trans_sourceid integer NOT NULL,
    trans_amount numeric(15,2) NOT NULL,
    trans_targetid integer NOT NULL,
    trans_reason character varying(30),
    trans_method public.payby
);


ALTER TABLE public.account_info_trans_history OWNER TO postgres;

--
-- Name: account_info_trans_history_trans_id_seq; Type: SEQUENCE; Schema: public; Owner: postgres
--

CREATE SEQUENCE public.account_info_trans_history_trans_id_seq
    AS integer
    START WITH 1
    INCREMENT BY 1
    NO MINVALUE
    NO MAXVALUE
    CACHE 1;


ALTER SEQUENCE public.account_info_trans_history_trans_id_seq OWNER TO postgres;

--
-- Name: account_info_trans_history_trans_id_seq; Type: SEQUENCE OWNED BY; Schema: public; Owner: postgres
--

ALTER SEQUENCE public.account_info_trans_history_trans_id_seq OWNED BY public.account_info_trans_history.trans_id;


--
-- Name: account_information; Type: TABLE; Schema: public; Owner: postgres
--

CREATE TABLE public.account_information (
    account_id integer NOT NULL,
    user_id integer,
    bank_id integer,
    bank_region public.bank_region,
    balance numeric(15,2),
    opendate date
);


ALTER TABLE public.account_information OWNER TO postgres;

--
-- Name: account_information_account_id_seq; Type: SEQUENCE; Schema: public; Owner: postgres
--

CREATE SEQUENCE public.account_information_account_id_seq
    AS integer
    START WITH 1
    INCREMENT BY 1
    NO MINVALUE
    NO MAXVALUE
    CACHE 1;


ALTER SEQUENCE public.account_information_account_id_seq OWNER TO postgres;

--
-- Name: account_information_account_id_seq; Type: SEQUENCE OWNED BY; Schema: public; Owner: postgres
--

ALTER SEQUENCE public.account_information_account_id_seq OWNED BY public.account_information.account_id;


--
-- Name: bankbranches; Type: TABLE; Schema: public; Owner: postgres
--

CREATE TABLE public.bankbranches (
    bank_id integer NOT NULL,
    bank_region public.bank_region NOT NULL,
    bank_name character varying(20) NOT NULL,
    account_num integer NOT NULL,
    total_funds numeric(15,2) NOT NULL
)
PARTITION BY LIST (bank_region);


ALTER TABLE public.bankbranches OWNER TO postgres;

--
-- Name: user_information; Type: TABLE; Schema: public; Owner: postgres
--

CREATE TABLE public.user_information (
    user_id integer NOT NULL,
    name character varying(100) NOT NULL,
    gender character(1),
    phone character varying(15),
    email character varying(100)
);


ALTER TABLE public.user_information OWNER TO postgres;

--
-- Name: account_view; Type: VIEW; Schema: public; Owner: postgres
--

CREATE VIEW public.account_view AS
 SELECT ui.name,
    bb.bank_name,
    ai.balance
   FROM ((public.user_information ui
     JOIN public.account_information ai ON ((ai.user_id = ui.user_id)))
     JOIN public.bankbranches bb ON ((bb.bank_id = ai.bank_id)));


ALTER VIEW public.account_view OWNER TO postgres;

--
-- Name: bankbranches_bank_id_seq; Type: SEQUENCE; Schema: public; Owner: postgres
--

CREATE SEQUENCE public.bankbranches_bank_id_seq
    AS integer
    START WITH 1
    INCREMENT BY 1
    NO MINVALUE
    NO MAXVALUE
    CACHE 1;


ALTER SEQUENCE public.bankbranches_bank_id_seq OWNER TO postgres;

--
-- Name: bankbranches_bank_id_seq; Type: SEQUENCE OWNED BY; Schema: public; Owner: postgres
--

ALTER SEQUENCE public.bankbranches_bank_id_seq OWNED BY public.bankbranches.bank_id;


--
-- Name: bankbranches_default; Type: TABLE; Schema: public; Owner: postgres
--

CREATE TABLE public.bankbranches_default (
    bank_id integer DEFAULT nextval('public.bankbranches_bank_id_seq'::regclass) NOT NULL,
    bank_region public.bank_region NOT NULL,
    bank_name character varying(20) NOT NULL,
    account_num integer NOT NULL,
    total_funds numeric(15,2) NOT NULL
);


ALTER TABLE public.bankbranches_default OWNER TO postgres;

--
-- Name: bankbranches_north; Type: TABLE; Schema: public; Owner: postgres
--

CREATE TABLE public.bankbranches_north (
    bank_id integer DEFAULT nextval('public.bankbranches_bank_id_seq'::regclass) NOT NULL,
    bank_region public.bank_region NOT NULL,
    bank_name character varying(20) NOT NULL,
    account_num integer NOT NULL,
    total_funds numeric(15,2) NOT NULL
);


ALTER TABLE public.bankbranches_north OWNER TO postgres;

--
-- Name: bankbranches_south; Type: TABLE; Schema: public; Owner: postgres
--

CREATE TABLE public.bankbranches_south (
    bank_id integer DEFAULT nextval('public.bankbranches_bank_id_seq'::regclass) NOT NULL,
    bank_region public.bank_region NOT NULL,
    bank_name character varying(20) NOT NULL,
    account_num integer NOT NULL,
    total_funds numeric(15,2) NOT NULL
);


ALTER TABLE public.bankbranches_south OWNER TO postgres;

--
-- Name: marketsurvey; Type: TABLE; Schema: public; Owner: postgres
--

CREATE TABLE public.marketsurvey (
    survey_id integer NOT NULL,
    survey_title character varying(30) NOT NULL,
    survey_des character varying(200),
    survey_response jsonb
);


ALTER TABLE public.marketsurvey OWNER TO postgres;

--
-- Name: marketsurvey_survey_id_seq; Type: SEQUENCE; Schema: public; Owner: postgres
--

CREATE SEQUENCE public.marketsurvey_survey_id_seq
    AS integer
    START WITH 1
    INCREMENT BY 1
    NO MINVALUE
    NO MAXVALUE
    CACHE 1;


ALTER SEQUENCE public.marketsurvey_survey_id_seq OWNER TO postgres;

--
-- Name: marketsurvey_survey_id_seq; Type: SEQUENCE OWNED BY; Schema: public; Owner: postgres
--

ALTER SEQUENCE public.marketsurvey_survey_id_seq OWNED BY public.marketsurvey.survey_id;


--
-- Name: user_information_user_id_seq; Type: SEQUENCE; Schema: public; Owner: postgres
--

CREATE SEQUENCE public.user_information_user_id_seq
    AS integer
    START WITH 1
    INCREMENT BY 1
    NO MINVALUE
    NO MAXVALUE
    CACHE 1;


ALTER SEQUENCE public.user_information_user_id_seq OWNER TO postgres;

--
-- Name: user_information_user_id_seq; Type: SEQUENCE OWNED BY; Schema: public; Owner: postgres
--

ALTER SEQUENCE public.user_information_user_id_seq OWNED BY public.user_information.user_id;


--
-- Name: bankbranches_default; Type: TABLE ATTACH; Schema: public; Owner: postgres
--

ALTER TABLE ONLY public.bankbranches ATTACH PARTITION public.bankbranches_default DEFAULT;


--
-- Name: bankbranches_north; Type: TABLE ATTACH; Schema: public; Owner: postgres
--

ALTER TABLE ONLY public.bankbranches ATTACH PARTITION public.bankbranches_north FOR VALUES IN ('north');


--
-- Name: bankbranches_south; Type: TABLE ATTACH; Schema: public; Owner: postgres
--

ALTER TABLE ONLY public.bankbranches ATTACH PARTITION public.bankbranches_south FOR VALUES IN ('south');


--
-- Name: account_cred_his his_id; Type: DEFAULT; Schema: public; Owner: postgres
--

ALTER TABLE ONLY public.account_cred_his ALTER COLUMN his_id SET DEFAULT nextval('public.account_cred_his_his_id_seq'::regclass);


--
-- Name: account_info_trans_history trans_id; Type: DEFAULT; Schema: public; Owner: postgres
--

ALTER TABLE ONLY public.account_info_trans_history ALTER COLUMN trans_id SET DEFAULT nextval('public.account_info_trans_history_trans_id_seq'::regclass);


--
-- Name: account_information account_id; Type: DEFAULT; Schema: public; Owner: postgres
--

ALTER TABLE ONLY public.account_information ALTER COLUMN account_id SET DEFAULT nextval('public.account_information_account_id_seq'::regclass);


--
-- Name: bankbranches bank_id; Type: DEFAULT; Schema: public; Owner: postgres
--

ALTER TABLE ONLY public.bankbranches ALTER COLUMN bank_id SET DEFAULT nextval('public.bankbranches_bank_id_seq'::regclass);


--
-- Name: marketsurvey survey_id; Type: DEFAULT; Schema: public; Owner: postgres
--

ALTER TABLE ONLY public.marketsurvey ALTER COLUMN survey_id SET DEFAULT nextval('public.marketsurvey_survey_id_seq'::regclass);


--
-- Name: user_information user_id; Type: DEFAULT; Schema: public; Owner: postgres
--

ALTER TABLE ONLY public.user_information ALTER COLUMN user_id SET DEFAULT nextval('public.user_information_user_id_seq'::regclass);


--
-- Data for Name: account_cred_his; Type: TABLE DATA; Schema: public; Owner: postgres
--

COPY public.account_cred_his (his_id, his_time, old_password, new_password) FROM stdin;
\.


--
-- Data for Name: account_credentials; Type: TABLE DATA; Schema: public; Owner: postgres
--

COPY public.account_credentials (account_id, password) FROM stdin;
1	7781
2	8700
3	1716
4	1477
5	6660
6	4181
7	6496
8	1672
9	0210
10	3689
11	6836
12	9642
13	8856
14	1759
15	5122
16	0785
17	7351
18	9331
19	3125
20	3012
21	3086
22	7303
23	0307
24	0427
25	5002
26	9842
27	4903
28	2311
29	8766
30	5635
31	0231
32	7921
33	0937
34	6332
35	1078
36	3734
37	9609
38	5668
39	8451
40	2498
41	2460
42	8065
43	7161
44	8129
45	0034
46	7001
47	2989
48	3085
49	5669
50	3166
51	7125
52	1229
53	3741
54	2902
55	2705
56	2431
57	1882
58	5318
59	9417
60	9652
61	8649
62	2236
63	9914
64	3859
65	0602
66	7757
67	8255
68	1894
69	4820
70	9719
71	6884
72	0488
73	9620
74	0710
75	5968
76	6985
77	1431
78	9392
79	0483
80	2015
81	5604
82	5129
83	3599
84	6655
85	5063
86	8575
87	3984
88	0712
89	0947
90	3311
91	9428
92	9162
93	9709
94	0863
95	6992
96	8819
97	8827
98	1540
99	5057
100	5871
101	3724
102	3035
103	2754
104	1693
105	9933
106	9004
107	1111
108	7703
109	3107
110	9237
111	5663
112	6921
113	6565
114	4670
115	4149
116	0246
117	9582
118	1480
119	3180
120	5207
121	7122
122	5458
123	4513
124	6004
125	8578
126	8802
127	8497
128	2456
129	4530
130	0329
131	6961
132	0191
133	7805
134	7114
135	8019
136	6769
137	3941
138	8569
139	4810
140	7573
141	2035
142	7187
143	1117
144	6175
145	0609
146	3664
147	7757
148	2696
149	5901
150	5068
151	9643
152	0195
153	1789
154	1019
155	2262
156	4527
157	3456
158	2936
159	4600
160	2142
161	8798
162	5020
163	7982
164	4883
165	4418
166	6487
167	2861
168	6915
169	7069
170	5396
171	4741
172	8679
173	2897
174	9286
175	0981
176	6548
177	7972
178	3477
179	8208
180	8680
181	6450
182	3810
183	0029
184	5483
185	8631
186	9834
187	2425
188	8708
189	6233
190	8057
191	9694
192	9702
193	7808
194	4876
195	3718
196	3176
197	9493
198	3493
199	3019
200	3431
201	4516
202	3156
203	3763
204	1010
205	1353
206	4441
207	3949
208	2415
209	6047
210	2453
211	5896
212	1770
213	2002
214	6249
215	5598
216	2181
217	9946
218	9486
219	4392
220	5576
221	9193
222	5104
223	9716
224	0567
225	6893
226	8703
227	7240
228	5090
229	4693
230	4184
231	3668
232	8005
233	7961
234	6298
235	6632
236	8498
237	8415
238	9795
239	6682
240	4688
241	3756
242	6716
243	7223
244	5268
245	7866
246	7267
247	2809
248	9585
249	3377
250	9004
251	8312
252	8571
253	9480
254	3584
255	3026
256	5254
257	8289
258	8056
259	9791
260	1904
261	4184
262	5866
263	8927
264	0829
265	0691
266	6612
267	9016
268	2355
269	7581
270	9263
271	6722
272	1192
273	5550
274	2971
275	1594
276	0331
277	9281
278	1394
279	5123
280	3359
281	2420
282	4899
283	1559
284	4158
285	2629
286	7095
287	9088
288	7026
289	2058
290	1511
291	8771
292	8941
293	2216
294	3764
295	9552
296	2770
297	7965
298	9006
299	1648
300	2123
301	2897
302	9489
303	2406
304	3487
305	9604
306	4498
307	5931
308	0117
309	2922
310	8323
311	4810
312	3384
313	8790
314	0229
315	0842
316	2288
317	1213
318	9326
319	2508
320	2464
321	6224
322	3832
323	0111
324	4381
325	2496
326	1952
327	1796
328	5894
329	0643
330	2201
331	3631
332	2094
333	3328
334	9692
335	6649
336	3062
337	6012
338	2183
339	8892
340	8722
341	6064
342	8352
343	6052
344	8293
345	8763
346	0601
347	4404
348	2208
349	8761
350	6887
351	3651
352	7717
353	9964
354	5684
355	3468
356	0243
357	9175
358	2020
359	2393
360	0917
361	4046
362	0043
363	2397
364	9571
365	0014
366	9095
367	6124
368	2078
369	4802
370	1830
371	3362
372	6221
373	2529
374	2475
375	3812
376	9880
377	0219
378	0961
379	9766
380	1146
381	8322
382	3906
383	0140
384	4872
385	1546
386	1668
387	6849
388	5688
389	1316
390	0183
391	1406
392	8334
393	4126
394	8703
395	1326
396	9706
397	5145
398	4763
399	4912
400	8833
401	1309
402	5801
403	7725
404	8429
405	9918
406	5449
407	8665
408	8553
409	8134
410	4253
411	0999
412	7674
413	5267
414	1405
415	5263
416	5320
417	0989
418	0025
419	4109
420	2645
421	8772
422	8462
423	2962
424	4171
425	5806
426	8303
427	2566
428	6035
429	8714
430	4283
431	4336
432	1963
433	6540
434	6715
435	0655
436	4193
437	4452
438	6593
439	8043
440	7807
441	1972
442	0134
443	9869
444	3167
445	4939
446	9609
447	8829
448	9852
449	1302
450	5085
451	4277
452	4577
453	7608
454	7876
455	8666
456	3065
457	7677
458	7994
459	1403
460	3943
461	6131
462	9796
463	6980
464	6252
465	9775
466	4754
467	9884
468	3564
469	3766
470	8758
471	8491
472	3261
473	1889
474	3614
475	6008
476	4312
477	7914
478	4738
479	2647
480	1929
481	7118
482	8475
483	0261
484	7770
485	6627
486	6995
487	4563
488	2019
489	7116
490	4158
491	5344
492	7866
493	2327
494	6034
495	4519
496	9413
497	5611
498	6415
499	7725
500	5979
501	2779
502	4625
503	0782
504	3215
505	7503
506	2781
507	5394
508	7361
509	0317
510	9365
511	1527
512	1796
513	8068
514	0523
515	2931
516	9497
517	7609
518	4102
519	7638
520	7546
521	3521
522	3643
523	9022
524	0870
525	2882
526	9068
527	3742
528	7273
529	9496
530	8658
531	2653
532	6803
533	5457
534	6284
535	0508
536	7349
537	4307
538	0864
539	3610
540	1964
541	5959
542	6456
543	4750
544	1884
545	3559
546	2577
547	3197
548	5627
549	4929
550	1219
551	9750
552	0225
553	7236
554	2039
555	4361
556	4617
557	1233
558	6781
559	6066
560	7052
561	8649
562	1029
563	1456
564	5798
565	2534
566	9586
567	2566
568	5592
569	6734
570	4748
571	0605
572	8124
573	1888
574	9440
575	4795
576	1946
577	2600
578	4064
579	6476
580	1712
581	7453
582	4789
583	3135
584	1690
585	9353
586	5055
587	6204
588	4278
589	4057
590	4703
591	3148
592	6685
593	2836
594	7579
595	7957
596	8421
597	0583
598	4519
599	6557
600	5616
601	3504
602	4015
603	9011
604	8532
605	0638
606	9567
607	0765
608	7920
609	6558
610	3922
611	6507
612	7334
613	3343
614	6772
615	5358
616	4319
617	6976
618	8663
619	0049
620	4365
621	7378
622	3162
623	6971
624	1374
625	0972
626	2350
627	6973
628	3919
629	6510
630	1794
631	8969
632	3568
633	5479
634	6441
635	7277
636	9525
637	5586
638	8694
639	8493
640	9992
641	5781
642	0920
643	7719
644	0032
645	5156
646	0315
647	7918
648	0833
649	8197
650	1634
651	7078
652	1465
653	3332
654	5784
655	6285
656	2370
657	3767
658	1593
659	6757
660	3929
661	0012
662	8907
663	4993
664	2044
665	1851
666	7079
667	6720
668	0005
669	7812
670	3338
671	3440
672	7092
673	7206
674	3784
675	6482
676	3348
677	8946
678	1650
679	2057
680	5270
681	3319
682	4649
683	0043
684	6784
685	7971
686	5559
687	8932
688	1652
689	5594
690	1660
691	6116
692	8942
693	7066
694	0559
695	8289
696	3619
697	0508
698	5669
699	6007
700	3826
701	3063
702	5257
703	8383
704	4751
705	7045
706	9867
707	6031
708	4657
709	9020
710	2253
711	8685
712	7454
713	4885
714	1114
715	4635
716	7522
717	5333
718	2137
719	0743
720	7142
721	2394
722	9553
723	5782
724	6323
725	1185
726	5491
727	5033
728	9401
729	1764
730	1883
731	7981
732	5150
733	0309
734	5822
735	6607
736	9148
737	0308
738	8631
739	2803
740	1686
741	3765
742	2691
743	5524
744	8737
745	7453
746	9943
747	6823
748	6522
749	9237
750	5226
751	9829
752	0208
753	9526
754	8292
755	5730
756	9686
757	7185
758	3692
759	6964
760	7270
761	7291
762	5958
763	4589
764	8497
765	4232
766	2848
767	6446
768	9634
769	4774
770	3381
771	8985
772	0929
773	1042
774	8554
775	1121
776	7587
777	6275
778	4214
779	5984
780	1856
781	4561
782	6644
783	7741
784	5301
785	3965
786	5302
787	0097
788	6167
789	2535
790	1483
791	8748
792	4484
793	1474
794	0908
795	7802
796	6740
797	3278
798	7946
799	5133
800	4959
801	8762
802	1666
803	6012
804	1808
805	1338
806	2688
807	0021
808	7281
809	9994
810	9773
811	5830
812	9867
813	6499
814	3356
815	9670
816	7056
817	2824
818	9521
819	3787
820	1963
821	2108
822	0784
823	8892
824	6098
825	8056
826	4507
827	4305
828	9453
829	3516
830	1118
831	6332
832	0609
833	2707
834	0138
835	0836
836	2191
837	6001
838	4604
839	9054
840	3176
841	4830
842	6270
843	8045
844	7579
845	7064
846	0080
847	0279
848	4234
849	4375
850	0462
851	9497
852	7547
853	1852
854	8809
855	7709
856	9165
857	1759
858	4738
859	5192
860	0364
861	2334
862	2815
863	9815
864	3441
865	5571
866	6284
867	2841
868	1607
869	5064
870	8473
871	5161
872	5882
873	1954
874	9000
875	2614
876	9684
877	5510
878	9931
879	8164
880	3368
881	0086
882	9334
883	7058
884	6780
885	4343
886	0467
887	9033
888	8105
889	0771
890	4828
891	8032
892	7296
893	2891
894	9108
895	0943
896	9091
897	9118
898	1678
899	2114
900	8295
901	7067
902	7252
903	1128
904	7792
905	4244
906	3525
907	2811
908	2042
909	2018
910	3579
911	9065
912	4117
913	8348
914	9141
915	3197
916	0112
917	3342
918	7867
919	0170
920	3389
921	7988
922	2299
923	3175
924	3370
925	6575
926	5139
927	9372
928	3454
929	3595
930	7805
931	3834
932	0899
933	8882
934	2010
935	3610
936	0574
937	8418
938	5662
939	2104
940	0486
941	3163
942	0596
943	9035
944	0150
945	0804
946	7733
947	9409
948	7789
949	9332
950	2910
951	0141
952	5012
953	0736
954	8987
955	1430
956	1416
957	7413
958	9613
959	5739
960	3967
961	3478
962	0384
963	5301
964	1316
965	9394
966	0132
967	0759
968	4929
969	5935
970	0041
971	6123
972	9621
973	6631
974	7061
975	1099
976	4298
977	8639
978	1504
979	0355
980	9210
981	0370
982	6093
983	4215
984	9856
985	2661
986	4369
987	6583
988	0533
989	0004
990	5176
991	4063
992	8592
993	2234
994	7195
995	7647
996	3267
997	6608
998	2323
999	8065
1000	2725
1	2222
\.


--
-- Data for Name: account_info_trans_history; Type: TABLE DATA; Schema: public; Owner: postgres
--

COPY public.account_info_trans_history (trans_id, trans_time, trans_sourceid, trans_amount, trans_targetid, trans_reason, trans_method) FROM stdin;
\.


--
-- Data for Name: account_information; Type: TABLE DATA; Schema: public; Owner: postgres
--

COPY public.account_information (account_id, user_id, bank_id, bank_region, balance, opendate) FROM stdin;
1	1	16	south	5709.67	2024-03-26
2	2	9	north	4552.78	2024-02-13
3	3	1	north	4625.12	2024-02-28
4	4	10	north	8046.42	2024-07-16
5	5	9	north	1104.10	2024-06-07
6	6	6	north	4280.48	2023-11-30
7	7	20	south	1486.66	2024-02-28
8	8	3	north	6426.89	2024-06-04
9	9	12	south	8566.27	2024-05-03
10	10	1	north	8312.57	2023-10-18
11	11	12	south	3110.84	2024-01-30
12	12	8	north	9846.37	2024-05-09
13	13	12	south	2759.93	2024-02-15
14	14	1	north	4163.27	2024-07-25
15	15	3	north	6561.78	2024-03-08
16	16	6	north	8485.31	2024-01-06
17	17	3	north	5445.57	2023-12-28
18	18	17	south	8794.45	2024-08-01
19	19	11	south	2960.46	2024-06-21
20	20	14	south	7110.58	2024-04-03
21	21	7	north	5070.67	2023-08-06
22	22	12	south	1857.06	2024-07-25
23	23	8	north	9574.52	2024-05-29
24	24	14	south	3912.73	2023-11-10
25	25	15	south	7796.40	2023-09-16
26	26	17	south	3000.30	2023-09-07
27	27	15	south	8665.30	2023-12-10
28	28	17	south	5369.55	2024-07-01
29	29	14	south	2988.95	2024-07-03
30	30	9	north	4963.30	2023-08-27
31	31	20	south	478.39	2023-10-03
32	32	1	north	3284.20	2024-05-17
33	33	17	south	919.28	2023-09-21
34	34	8	north	2963.29	2024-01-09
35	35	20	south	8158.39	2023-12-31
36	36	14	south	2763.87	2024-07-29
37	37	8	north	7454.65	2024-06-12
38	38	6	north	1724.24	2024-03-24
39	39	1	north	3476.88	2024-07-07
40	40	3	north	7990.32	2023-12-20
41	41	14	south	4046.53	2024-04-15
42	42	6	north	9031.90	2024-04-25
43	43	6	north	9359.32	2024-04-08
44	44	19	south	5183.39	2023-11-22
45	45	19	south	7278.43	2023-11-26
46	46	6	north	4190.90	2024-04-29
47	47	15	south	5424.93	2024-07-22
48	48	18	south	353.40	2024-06-19
49	49	2	north	9209.61	2024-04-18
50	50	7	north	3259.89	2023-12-31
51	51	8	north	3015.30	2024-05-04
52	52	17	south	1917.60	2023-12-02
53	53	16	south	8224.85	2024-05-04
54	54	2	north	7778.52	2023-09-26
55	55	6	north	6140.62	2023-08-11
56	56	6	north	540.95	2024-05-20
57	57	11	south	1649.19	2024-07-27
58	58	4	north	9738.88	2024-05-08
59	59	16	south	7778.21	2023-09-28
60	60	9	north	5250.87	2023-12-14
61	61	5	north	8359.70	2023-08-16
62	62	14	south	6156.15	2024-06-08
63	63	19	south	6425.57	2024-01-03
64	64	20	south	2704.28	2024-02-16
65	65	5	north	3044.81	2024-01-19
66	66	2	north	7921.34	2023-09-01
67	67	13	south	4427.25	2023-11-12
68	68	13	south	7771.00	2024-06-17
69	69	13	south	8604.60	2024-05-06
70	70	11	south	4895.04	2024-03-13
71	71	4	north	5714.62	2024-05-21
72	72	9	north	2250.47	2024-01-17
73	73	9	north	1743.34	2023-10-18
74	74	4	north	7902.93	2024-07-18
75	75	17	south	2631.67	2023-12-23
76	76	17	south	4419.89	2024-06-29
77	77	13	south	22.60	2023-09-15
78	78	9	north	6509.35	2024-05-01
79	79	10	north	9343.98	2024-04-11
80	80	6	north	6807.11	2023-09-06
81	81	5	north	2354.17	2024-07-30
82	82	18	south	8420.57	2024-04-02
83	83	14	south	2213.36	2024-02-20
84	84	19	south	3446.83	2023-11-07
85	85	13	south	3729.96	2023-12-09
86	86	19	south	9495.49	2024-05-24
87	87	15	south	8288.58	2023-08-31
88	88	3	north	9971.89	2023-08-29
89	89	15	south	5068.40	2023-10-03
90	90	18	south	558.72	2024-02-06
91	91	4	north	8175.38	2024-04-10
92	92	16	south	3913.60	2024-04-03
93	93	9	north	2036.17	2024-06-11
94	94	3	north	6025.95	2023-12-19
95	95	1	north	4408.79	2024-07-11
96	96	16	south	9254.76	2024-01-29
97	97	9	north	3116.92	2024-07-21
98	98	3	north	6917.61	2024-06-12
99	99	3	north	3006.74	2023-11-22
100	100	18	south	9887.83	2023-08-15
101	101	10	north	1006.39	2024-06-26
102	102	5	north	8696.69	2023-11-16
103	103	11	south	598.73	2024-03-13
104	104	12	south	5052.18	2024-04-24
105	105	5	north	6449.33	2024-03-10
106	106	19	south	9316.38	2024-07-24
107	107	19	south	1784.25	2024-04-05
108	108	18	south	1572.92	2024-01-15
109	109	1	north	7296.08	2024-04-05
110	110	13	south	176.01	2024-03-20
111	111	6	north	2635.94	2023-12-09
112	112	13	south	2155.10	2024-07-04
113	113	10	north	9915.08	2024-05-23
114	114	12	south	7659.44	2024-06-21
115	115	14	south	1483.21	2024-04-01
116	116	4	north	3517.86	2024-07-18
117	117	2	north	3553.78	2024-07-07
118	118	6	north	5657.85	2024-06-06
119	119	18	south	7014.44	2023-08-14
120	120	3	north	8887.41	2024-07-04
121	121	17	south	7136.29	2024-01-25
122	122	8	north	1444.46	2024-06-07
123	123	16	south	8824.38	2024-02-24
124	124	9	north	33.52	2023-09-29
125	125	10	north	2362.56	2024-07-14
126	126	12	south	2580.87	2023-11-19
127	127	11	south	3358.77	2024-03-19
128	128	10	north	7607.83	2023-08-06
129	129	7	north	249.01	2024-01-23
130	130	20	south	4043.88	2023-11-21
131	131	4	north	118.16	2023-08-30
132	132	11	south	2849.80	2024-02-27
133	133	16	south	1106.48	2024-01-21
134	134	7	north	8404.05	2023-12-02
135	135	19	south	6056.32	2024-05-28
136	136	3	north	1716.74	2023-10-20
137	137	14	south	8477.07	2023-12-20
138	138	19	south	5639.35	2023-08-25
139	139	7	north	8623.56	2024-07-06
140	140	2	north	5365.99	2023-08-24
141	141	12	south	3895.22	2023-08-15
142	142	9	north	9812.96	2023-12-01
143	143	1	north	3938.94	2023-10-21
144	144	18	south	2738.91	2024-06-28
145	145	9	north	7518.86	2024-05-19
146	146	12	south	7843.31	2023-11-16
147	147	20	south	9228.32	2024-01-23
148	148	9	north	5754.39	2024-03-23
149	149	19	south	4859.62	2023-10-10
150	150	11	south	4958.56	2023-11-29
151	151	15	south	8359.43	2024-01-27
152	152	16	south	4776.64	2024-01-12
153	153	2	north	6173.56	2023-09-24
154	154	9	north	7911.94	2024-07-17
155	155	17	south	6024.22	2024-04-13
156	156	19	south	6836.01	2024-04-04
157	157	5	north	8460.58	2023-11-16
158	158	16	south	816.41	2023-10-15
159	159	9	north	9627.22	2024-06-13
160	160	20	south	1076.12	2024-03-21
161	161	4	north	7025.29	2024-07-23
162	162	15	south	8913.75	2023-12-29
163	163	13	south	3215.18	2024-06-29
164	164	3	north	4987.85	2023-10-09
165	165	19	south	7566.08	2024-03-08
166	166	11	south	4722.08	2024-03-05
167	167	2	north	3009.40	2023-12-02
168	168	14	south	2324.80	2023-08-09
169	169	5	north	8025.86	2023-09-08
170	170	10	north	8316.15	2024-07-23
171	171	1	north	6853.39	2024-04-22
172	172	2	north	3716.17	2024-05-10
173	173	1	north	3855.05	2023-08-22
174	174	5	north	597.41	2024-02-16
175	175	3	north	3389.28	2024-07-21
176	176	3	north	3616.21	2023-10-17
177	177	15	south	9432.61	2024-07-01
178	178	17	south	5384.42	2023-11-10
179	179	6	north	4394.26	2024-05-31
180	180	12	south	831.99	2023-12-10
181	181	3	north	2003.58	2024-06-10
182	182	17	south	4669.63	2024-05-26
183	183	4	north	3158.57	2023-08-10
184	184	1	north	1375.80	2024-05-17
185	185	10	north	4170.66	2024-06-06
186	186	6	north	9220.25	2023-08-10
187	187	18	south	7932.67	2024-02-29
188	188	7	north	8294.89	2024-03-14
189	189	8	north	3111.71	2023-10-27
190	190	3	north	944.06	2024-06-14
191	191	6	north	1076.94	2024-07-26
192	192	19	south	370.96	2024-01-22
193	193	12	south	255.92	2023-11-30
194	194	15	south	6685.37	2023-11-11
195	195	20	south	6799.56	2024-03-27
196	196	16	south	2942.70	2024-08-01
197	197	15	south	8773.94	2023-11-05
198	198	17	south	3677.26	2023-11-25
199	199	15	south	9947.74	2023-09-04
200	200	18	south	8384.55	2024-07-06
201	201	5	north	7582.62	2024-05-12
202	202	14	south	2070.33	2023-11-27
203	203	14	south	1475.46	2024-06-24
204	204	11	south	1199.49	2023-12-21
205	205	1	north	7852.24	2023-10-31
206	206	18	south	1894.73	2024-05-07
207	207	9	north	4954.54	2024-07-13
208	208	5	north	4637.53	2024-02-13
209	209	3	north	7378.31	2024-01-21
210	210	13	south	6021.80	2024-02-08
211	211	19	south	1736.74	2024-07-05
212	212	13	south	8475.41	2023-11-08
213	213	17	south	8000.39	2023-11-19
214	214	20	south	9446.70	2023-09-19
215	215	2	north	5223.58	2024-07-30
216	216	3	north	4200.13	2023-12-07
217	217	19	south	1283.95	2024-03-18
218	218	15	south	7808.32	2024-07-12
219	219	12	south	7703.17	2024-04-08
220	220	5	north	4216.87	2024-04-22
221	221	9	north	4750.06	2024-07-17
222	222	16	south	7011.65	2023-10-19
223	223	20	south	3931.92	2023-08-10
224	224	17	south	9222.59	2024-03-26
225	225	9	north	8083.66	2023-11-14
226	226	15	south	2357.95	2024-07-03
227	227	15	south	6639.54	2024-03-09
228	228	19	south	3704.44	2024-05-22
229	229	3	north	2879.52	2024-06-25
230	230	17	south	5221.40	2024-01-14
231	231	18	south	4996.04	2024-03-25
232	232	10	north	2000.60	2024-04-27
233	233	2	north	8706.80	2023-11-06
234	234	7	north	4322.24	2023-09-17
235	235	1	north	149.68	2024-07-08
236	236	13	south	7665.75	2023-12-06
237	237	15	south	2284.35	2023-11-18
238	238	4	north	7264.16	2024-03-05
239	239	3	north	1853.38	2024-07-06
240	240	15	south	1407.68	2024-06-03
241	241	16	south	3356.72	2024-04-12
242	242	2	north	4007.55	2024-04-11
243	243	6	north	1674.43	2024-07-17
244	244	16	south	4222.15	2024-01-23
245	245	17	south	1116.42	2023-12-24
246	246	9	north	8228.48	2024-04-30
247	247	1	north	5838.00	2023-10-27
248	248	12	south	1760.11	2023-11-15
249	249	5	north	1609.19	2023-10-28
250	250	19	south	4428.32	2023-11-16
251	251	13	south	3839.47	2023-09-17
252	252	12	south	6542.50	2024-04-12
253	253	8	north	5316.68	2023-11-16
254	254	10	north	7967.74	2024-06-13
255	255	3	north	2915.74	2024-03-04
256	256	19	south	9552.38	2023-11-16
257	257	12	south	6378.96	2023-11-16
258	258	15	south	9119.22	2024-03-05
259	259	12	south	2566.14	2024-06-19
260	260	1	north	6528.48	2024-02-03
261	261	20	south	1013.24	2023-11-01
262	262	17	south	9483.37	2023-12-07
263	263	17	south	6049.83	2023-10-14
264	264	9	north	1342.99	2023-11-27
265	265	10	north	7667.94	2023-10-05
266	266	1	north	6621.96	2023-08-23
267	267	18	south	7231.64	2024-03-29
268	268	15	south	5690.30	2024-06-04
269	269	5	north	2549.89	2024-06-25
270	270	15	south	2330.24	2024-06-02
271	271	19	south	3882.73	2024-07-24
272	272	1	north	5380.74	2024-05-17
273	273	17	south	1672.82	2024-04-04
274	274	5	north	7849.74	2023-12-25
275	275	12	south	7141.31	2024-04-07
276	276	17	south	4398.39	2024-07-23
277	277	9	north	7143.40	2023-10-16
278	278	13	south	7746.30	2024-01-20
279	279	6	north	4137.07	2024-02-25
280	280	15	south	3191.14	2024-01-26
281	281	20	south	6105.84	2023-10-12
282	282	6	north	2211.75	2024-03-28
283	283	19	south	7934.84	2023-11-22
284	284	18	south	2229.12	2024-01-15
285	285	6	north	4360.40	2023-11-26
286	286	7	north	3544.50	2023-10-17
287	287	15	south	5333.66	2023-10-13
288	288	11	south	1887.18	2024-06-06
289	289	20	south	2520.07	2023-12-30
290	290	6	north	808.54	2024-07-24
291	291	2	north	1931.31	2023-12-06
292	292	14	south	597.58	2023-11-04
293	293	3	north	3361.73	2024-05-18
294	294	8	north	703.64	2024-02-08
295	295	11	south	3875.95	2024-04-09
296	296	4	north	8041.85	2023-10-29
297	297	10	north	5437.11	2023-11-17
298	298	12	south	2439.06	2024-01-12
299	299	11	south	1101.01	2023-10-19
300	300	13	south	6176.45	2024-01-01
301	301	19	south	2247.94	2024-05-31
302	302	5	north	3320.87	2024-02-05
303	303	2	north	275.22	2023-08-29
304	304	13	south	5061.24	2023-08-11
305	305	16	south	9360.05	2024-02-02
306	306	14	south	3180.46	2024-05-01
307	307	9	north	6854.63	2024-07-26
308	308	6	north	974.47	2024-03-18
309	309	15	south	5961.15	2024-03-13
310	310	20	south	6527.97	2023-11-04
311	311	7	north	8360.88	2024-06-24
312	312	3	north	1826.59	2023-10-24
313	313	9	north	7320.54	2024-07-02
314	314	7	north	188.14	2024-02-08
315	315	12	south	6084.13	2024-03-03
316	316	20	south	1521.84	2024-02-10
317	317	13	south	5260.09	2023-12-02
318	318	20	south	8669.39	2024-04-30
319	319	6	north	52.56	2024-03-31
320	320	10	north	3821.65	2023-08-15
321	321	16	south	949.78	2024-05-06
322	322	18	south	3306.65	2024-06-08
323	323	13	south	6797.10	2024-04-25
324	324	17	south	9995.74	2023-09-15
325	325	14	south	8890.21	2023-11-26
326	326	3	north	8217.60	2023-11-07
327	327	17	south	4954.51	2024-06-05
328	328	10	north	2075.10	2023-11-10
329	329	5	north	410.12	2024-07-31
330	330	8	north	1141.48	2024-07-30
331	331	20	south	1557.01	2024-03-23
332	332	1	north	1082.84	2023-11-18
333	333	8	north	9481.97	2024-04-26
334	334	11	south	9787.85	2024-07-21
335	335	4	north	4479.90	2024-04-29
336	336	13	south	357.12	2024-03-18
337	337	17	south	5207.25	2023-12-25
338	338	2	north	2544.05	2023-11-29
339	339	13	south	855.97	2023-08-26
340	340	18	south	8412.07	2024-02-15
341	341	13	south	5766.72	2023-12-09
342	342	6	north	9357.48	2023-11-06
343	343	10	north	7555.25	2024-04-23
344	344	4	north	582.27	2024-05-15
345	345	3	north	8415.69	2024-02-09
346	346	12	south	205.03	2024-01-18
347	347	15	south	6394.89	2024-08-02
348	348	20	south	8249.82	2024-07-25
349	349	19	south	2985.49	2024-05-17
350	350	20	south	6969.88	2024-06-20
351	351	17	south	7389.80	2023-11-20
352	352	19	south	5177.74	2024-05-27
353	353	9	north	3764.44	2023-09-13
354	354	11	south	8330.45	2023-11-13
355	355	20	south	4733.61	2024-06-09
356	356	10	north	3147.02	2024-03-29
357	357	2	north	6972.14	2023-12-28
358	358	10	north	9247.70	2023-11-16
359	359	1	north	3635.24	2024-01-04
360	360	1	north	716.22	2024-02-08
361	361	5	north	3174.10	2024-07-17
362	362	7	north	7037.00	2024-07-28
363	363	20	south	4784.44	2024-07-27
364	364	19	south	489.34	2024-07-02
365	365	14	south	9060.24	2024-04-04
366	366	14	south	6014.32	2024-02-08
367	367	20	south	3596.55	2024-06-19
368	368	7	north	2651.05	2024-05-07
369	369	20	south	6848.99	2023-12-26
370	370	18	south	1837.39	2024-05-19
371	371	16	south	9065.20	2024-02-08
372	372	3	north	8400.23	2023-09-17
373	373	4	north	7404.38	2023-11-30
374	374	14	south	1082.66	2024-04-08
375	375	20	south	3793.86	2024-02-19
376	376	13	south	985.22	2024-03-23
377	377	9	north	5665.92	2024-06-11
378	378	20	south	4400.39	2024-02-24
379	379	17	south	3286.66	2024-05-21
380	380	4	north	7013.18	2024-07-14
381	381	3	north	6641.38	2024-02-19
382	382	16	south	312.01	2024-04-12
383	383	18	south	2817.09	2023-11-30
384	384	18	south	1103.70	2023-12-02
385	385	11	south	6299.09	2024-03-27
386	386	4	north	849.32	2023-11-29
387	387	13	south	8963.49	2024-03-14
388	388	18	south	9139.68	2024-03-01
389	389	18	south	2356.66	2024-04-20
390	390	11	south	4341.74	2024-06-03
391	391	10	north	9583.58	2024-03-15
392	392	6	north	5101.31	2023-12-09
393	393	17	south	1155.74	2024-04-02
394	394	20	south	8983.43	2023-10-19
395	395	15	south	5966.89	2023-12-22
396	396	9	north	6154.26	2024-03-13
397	397	12	south	3778.00	2023-09-13
398	398	11	south	9828.43	2023-09-13
399	399	3	north	539.52	2023-12-11
400	400	18	south	3932.60	2023-12-15
401	401	8	north	1940.02	2023-10-24
402	402	12	south	7815.49	2024-06-01
403	403	5	north	6003.92	2024-02-17
404	404	19	south	2530.06	2024-01-02
405	405	11	south	1388.21	2024-04-04
406	406	1	north	7456.38	2023-09-18
407	407	3	north	8242.30	2023-09-04
408	408	3	north	1863.85	2023-10-14
409	409	2	north	6378.61	2023-09-09
410	410	13	south	1866.93	2023-11-09
411	411	14	south	2597.45	2023-12-27
412	412	15	south	3856.55	2024-01-30
413	413	5	north	4008.88	2024-01-05
414	414	19	south	2840.73	2023-10-12
415	415	5	north	3494.79	2024-02-06
416	416	4	north	8719.46	2024-05-14
417	417	4	north	7122.41	2023-12-07
418	418	14	south	5276.66	2023-11-22
419	419	5	north	3487.09	2024-06-25
420	420	12	south	6608.71	2024-04-20
421	421	18	south	349.93	2024-02-25
422	422	4	north	5004.10	2023-09-05
423	423	15	south	7829.68	2023-08-15
424	424	18	south	1029.88	2024-01-11
425	425	17	south	5990.74	2023-08-11
426	426	19	south	6765.51	2023-11-03
427	427	16	south	1796.63	2024-07-20
428	428	19	south	3875.16	2024-05-06
429	429	4	north	175.55	2024-04-21
430	430	2	north	2124.93	2023-08-05
431	431	3	north	348.88	2024-05-22
432	432	1	north	2387.83	2024-03-22
433	433	3	north	4818.06	2024-07-17
434	434	12	south	4173.06	2024-01-12
435	435	8	north	189.50	2024-07-17
436	436	2	north	299.16	2023-10-07
437	437	20	south	488.48	2024-02-02
438	438	11	south	6734.87	2023-08-17
439	439	1	north	7937.79	2024-03-21
440	440	17	south	1481.84	2024-08-02
441	441	17	south	254.24	2024-04-25
442	442	8	north	5766.95	2024-05-26
443	443	2	north	4873.53	2023-09-12
444	444	16	south	3319.36	2023-08-28
445	445	1	north	9227.69	2024-01-04
446	446	19	south	7882.45	2024-06-23
447	447	8	north	2315.16	2023-11-08
448	448	8	north	7116.13	2024-04-10
449	449	18	south	7815.40	2024-04-04
450	450	13	south	60.89	2024-01-22
451	451	8	north	5091.13	2024-02-14
452	452	3	north	7634.22	2024-05-03
453	453	14	south	4407.40	2023-11-17
454	454	9	north	4063.84	2024-04-23
455	455	10	north	4920.10	2024-06-12
456	456	18	south	2716.93	2024-05-17
457	457	13	south	7809.05	2023-09-29
458	458	4	north	6641.69	2023-12-15
459	459	2	north	8775.34	2023-11-01
460	460	15	south	6730.29	2024-01-26
461	461	1	north	8186.80	2024-01-03
462	462	12	south	6464.37	2023-10-12
463	463	17	south	9906.99	2023-08-27
464	464	8	north	9987.27	2024-06-11
465	465	4	north	9858.17	2024-04-30
466	466	15	south	2062.41	2023-11-24
467	467	20	south	2921.53	2024-03-16
468	468	10	north	1677.55	2023-10-07
469	469	16	south	891.32	2024-07-24
470	470	9	north	5605.00	2024-05-21
471	471	2	north	5722.76	2023-09-13
472	472	12	south	4190.77	2024-02-19
473	473	14	south	277.54	2024-04-07
474	474	13	south	5641.76	2023-10-11
475	475	13	south	7946.34	2023-09-08
476	476	8	north	4022.55	2023-09-30
477	477	1	north	7490.46	2024-06-23
478	478	1	north	5169.38	2024-04-08
479	479	12	south	1633.30	2023-12-14
480	480	6	north	9182.58	2024-03-13
481	481	20	south	9165.80	2023-10-10
482	482	12	south	4765.57	2024-04-30
483	483	2	north	4457.86	2023-10-18
484	484	5	north	4090.63	2024-05-06
485	485	2	north	5251.96	2023-10-01
486	486	20	south	2430.97	2024-03-09
487	487	7	north	6975.40	2023-12-14
488	488	10	north	6195.61	2024-04-30
489	489	1	north	3437.84	2023-10-05
490	490	1	north	5342.46	2024-02-02
491	491	8	north	5149.26	2024-07-17
492	492	3	north	9657.06	2024-05-19
493	493	5	north	6621.97	2023-09-30
494	494	2	north	4912.37	2024-01-17
495	495	5	north	8355.52	2024-06-09
496	496	1	north	841.38	2024-07-20
497	497	3	north	7343.55	2024-07-06
498	498	1	north	3978.01	2024-07-30
499	499	7	north	2911.91	2024-01-28
500	500	17	south	9117.66	2024-01-08
501	501	1	north	8823.20	2023-08-07
502	502	2	north	9392.98	2024-04-16
503	503	20	south	6064.49	2023-12-17
504	504	6	north	3731.51	2024-04-04
505	505	10	north	1674.05	2024-06-14
506	506	12	south	8796.71	2023-10-07
507	507	18	south	7234.87	2023-09-14
508	508	13	south	3630.87	2024-04-22
509	509	12	south	4595.87	2024-02-28
510	510	14	south	1528.51	2024-05-19
511	511	1	north	7939.22	2023-12-22
512	512	8	north	1999.96	2024-07-24
513	513	5	north	9768.93	2024-05-21
514	514	7	north	5067.54	2023-08-21
515	515	1	north	1285.32	2023-08-19
516	516	18	south	5174.77	2023-12-25
517	517	11	south	7671.81	2023-09-14
518	518	15	south	6277.14	2023-09-27
519	519	5	north	3439.79	2024-02-10
520	520	7	north	9507.60	2024-03-02
521	521	9	north	8006.24	2024-02-15
522	522	19	south	7734.66	2024-01-17
523	523	20	south	4284.00	2023-09-04
524	524	20	south	1576.55	2023-12-29
525	525	16	south	4250.94	2023-08-27
526	526	14	south	776.98	2024-03-27
527	527	18	south	689.10	2024-03-09
528	528	3	north	8107.49	2024-01-04
529	529	5	north	6127.98	2024-01-21
530	530	20	south	7063.92	2024-06-21
531	531	4	north	8487.84	2024-05-14
532	532	12	south	2175.93	2023-12-21
533	533	4	north	2054.12	2024-07-10
534	534	7	north	1069.59	2024-05-16
535	535	19	south	1237.90	2024-06-06
536	536	7	north	3998.65	2024-01-14
537	537	13	south	5716.96	2024-02-24
538	538	2	north	6705.65	2023-10-23
539	539	2	north	3751.32	2023-10-11
540	540	8	north	9642.37	2023-12-11
541	541	5	north	4865.68	2024-02-21
542	542	18	south	222.87	2024-01-14
543	543	10	north	5495.19	2024-05-02
544	544	10	north	1937.46	2024-06-17
545	545	13	south	5195.56	2024-06-25
546	546	6	north	8927.51	2024-02-12
547	547	6	north	882.21	2024-06-08
548	548	5	north	478.03	2023-08-10
549	549	6	north	1661.77	2024-04-14
550	550	17	south	3252.16	2024-07-20
551	551	20	south	9447.40	2024-05-09
552	552	4	north	2105.62	2024-07-14
553	553	15	south	1356.46	2024-05-24
554	554	15	south	7873.34	2023-09-12
555	555	17	south	4183.20	2023-10-13
556	556	8	north	6532.55	2024-05-15
557	557	11	south	9383.35	2024-05-25
558	558	9	north	5872.77	2023-10-31
559	559	6	north	7459.52	2024-05-21
560	560	11	south	4362.53	2023-10-13
561	561	6	north	2873.12	2024-03-16
562	562	8	north	5367.32	2023-09-24
563	563	12	south	9640.81	2024-06-16
564	564	7	north	5762.56	2024-05-11
565	565	17	south	7556.02	2024-01-01
566	566	18	south	2240.34	2023-12-24
567	567	12	south	8978.14	2024-07-24
568	568	7	north	6020.36	2024-02-22
569	569	7	north	2062.65	2023-09-28
570	570	13	south	4372.14	2023-08-30
571	571	19	south	7945.65	2024-06-06
572	572	5	north	113.76	2024-07-03
573	573	16	south	2466.47	2024-03-14
574	574	4	north	774.42	2023-11-06
575	575	13	south	8721.90	2024-01-24
576	576	10	north	3475.30	2023-10-14
577	577	16	south	5721.05	2024-02-16
578	578	10	north	9904.60	2023-08-20
579	579	3	north	8031.44	2024-03-27
580	580	20	south	3341.76	2023-11-27
581	581	20	south	8250.05	2023-12-15
582	582	1	north	3406.82	2023-09-21
583	583	11	south	7268.37	2024-02-12
584	584	12	south	8410.68	2023-12-09
585	585	2	north	8975.72	2023-09-28
586	586	15	south	9798.09	2024-04-30
587	587	15	south	8106.09	2024-01-18
588	588	12	south	3039.10	2024-07-27
589	589	7	north	191.84	2023-11-05
590	590	5	north	9019.64	2024-01-26
591	591	11	south	9240.77	2023-08-09
592	592	14	south	3299.73	2023-08-06
593	593	20	south	2244.42	2024-06-18
594	594	17	south	8447.41	2023-09-14
595	595	19	south	8694.39	2024-02-12
596	596	11	south	8772.80	2024-06-13
597	597	10	north	7875.23	2024-03-22
598	598	10	north	2659.32	2024-06-04
599	599	19	south	216.86	2024-08-03
600	600	3	north	9906.36	2024-03-27
601	601	10	north	6885.40	2023-11-22
602	602	4	north	3000.47	2023-11-21
603	603	1	north	6443.16	2024-03-24
604	604	3	north	101.99	2024-04-10
605	605	6	north	2678.52	2023-12-10
606	606	19	south	9094.03	2024-01-16
607	607	13	south	4961.28	2023-09-28
608	608	17	south	3924.91	2024-04-23
609	609	5	north	5682.97	2024-05-09
610	610	14	south	7593.06	2024-03-21
611	611	1	north	7772.91	2024-05-29
612	612	17	south	5907.82	2023-09-11
613	613	12	south	7197.13	2024-02-01
614	614	12	south	7199.50	2023-08-17
615	615	11	south	3760.64	2023-09-15
616	616	6	north	1958.77	2024-06-12
617	617	10	north	4090.28	2024-05-25
618	618	7	north	6463.13	2024-05-26
619	619	8	north	2727.32	2024-02-04
620	620	15	south	9984.32	2024-01-12
621	621	18	south	6070.09	2024-04-16
622	622	13	south	4657.00	2024-02-12
623	623	12	south	3482.71	2024-03-01
624	624	20	south	6506.11	2024-04-18
625	625	13	south	3155.38	2024-06-14
626	626	17	south	8661.17	2024-02-01
627	627	6	north	8536.61	2024-01-07
628	628	5	north	858.95	2023-09-07
629	629	2	north	1667.20	2024-07-21
630	630	14	south	9254.06	2023-09-04
631	631	1	north	3251.47	2024-07-11
632	632	7	north	2999.52	2024-03-29
633	633	12	south	9018.80	2024-07-17
634	634	12	south	6914.40	2024-02-13
635	635	9	north	332.59	2024-04-18
636	636	1	north	9735.77	2024-01-01
637	637	17	south	8917.51	2023-11-03
638	638	8	north	1599.99	2024-07-05
639	639	13	south	3638.75	2024-07-06
640	640	5	north	8526.59	2024-04-18
641	641	7	north	3128.60	2024-07-27
642	642	18	south	2484.66	2024-05-22
643	643	16	south	8817.52	2024-05-22
644	644	14	south	5443.80	2024-06-09
645	645	14	south	914.00	2024-05-30
646	646	9	north	3833.39	2024-07-30
647	647	18	south	1130.43	2023-09-15
648	648	11	south	7820.20	2023-08-10
649	649	15	south	2972.81	2024-03-14
650	650	12	south	3780.22	2024-05-20
651	651	18	south	1778.73	2024-03-31
652	652	14	south	6064.58	2024-03-26
653	653	5	north	6282.04	2024-05-03
654	654	11	south	7483.01	2023-08-31
655	655	6	north	158.31	2024-04-08
656	656	13	south	4187.54	2024-07-11
657	657	18	south	1420.05	2023-11-11
658	658	20	south	857.37	2024-05-18
659	659	16	south	3005.13	2024-01-16
660	660	15	south	49.83	2023-12-26
661	661	15	south	5378.79	2023-08-25
662	662	3	north	1732.43	2023-09-08
663	663	10	north	8566.96	2023-09-21
664	664	17	south	6918.35	2023-10-06
665	665	17	south	5961.26	2024-07-31
666	666	16	south	9630.08	2024-03-01
667	667	3	north	7382.40	2024-06-28
668	668	8	north	8723.32	2023-11-28
669	669	9	north	5497.86	2023-11-08
670	670	6	north	7002.63	2023-12-16
671	671	5	north	5137.38	2024-08-03
672	672	3	north	3137.31	2023-11-19
673	673	12	south	5756.30	2024-04-16
674	674	14	south	606.83	2024-03-27
675	675	9	north	9410.37	2024-03-23
676	676	17	south	5991.43	2024-07-27
677	677	17	south	7181.43	2024-03-07
678	678	19	south	9104.68	2023-08-19
679	679	1	north	8750.69	2023-10-19
680	680	5	north	7572.28	2024-06-24
681	681	9	north	310.66	2024-02-29
682	682	8	north	304.79	2024-02-18
683	683	2	north	7478.96	2024-06-11
684	684	2	north	2249.91	2023-09-16
685	685	17	south	1151.45	2023-12-04
686	686	17	south	4288.39	2023-08-16
687	687	5	north	9611.50	2023-12-05
688	688	15	south	3005.96	2023-12-08
689	689	8	north	1798.38	2024-04-25
690	690	4	north	485.24	2024-03-05
691	691	12	south	662.48	2024-03-05
692	692	18	south	4439.39	2024-01-31
693	693	5	north	37.99	2024-06-27
694	694	17	south	96.50	2024-05-18
695	695	13	south	8405.80	2024-02-21
696	696	10	north	9545.88	2024-02-23
697	697	11	south	4492.58	2024-04-16
698	698	8	north	7632.51	2023-11-10
699	699	6	north	5794.60	2024-02-06
700	700	20	south	2298.55	2024-01-08
701	701	4	north	745.08	2024-03-19
702	702	4	north	9970.83	2023-08-17
703	703	13	south	45.78	2024-02-10
704	704	2	north	3352.22	2024-01-01
705	705	6	north	60.70	2024-03-13
706	706	17	south	8270.14	2023-09-16
707	707	15	south	1095.49	2023-11-30
708	708	11	south	605.05	2024-03-17
709	709	20	south	6553.19	2023-12-26
710	710	4	north	6760.99	2024-07-17
711	711	2	north	0.79	2024-01-17
712	712	16	south	6709.42	2024-02-09
713	713	20	south	8874.96	2024-06-23
714	714	8	north	9587.33	2023-10-01
715	715	9	north	8971.66	2024-06-06
716	716	17	south	8140.41	2023-09-26
717	717	7	north	5566.47	2023-12-10
718	718	8	north	8065.35	2023-09-24
719	719	13	south	1831.21	2023-10-31
720	720	5	north	9439.38	2024-01-04
721	721	20	south	4971.31	2024-02-13
722	722	18	south	7592.53	2023-08-16
723	723	11	south	4784.04	2024-01-30
724	724	12	south	52.24	2023-09-04
725	725	15	south	8351.01	2024-01-14
726	726	7	north	1663.61	2024-07-10
727	727	19	south	4138.37	2024-03-19
728	728	18	south	3288.50	2024-07-19
729	729	7	north	3578.80	2023-11-25
730	730	7	north	2128.09	2024-02-27
731	731	19	south	7434.81	2023-09-17
732	732	17	south	9246.05	2024-02-08
733	733	13	south	8965.01	2023-10-11
734	734	15	south	1073.61	2024-05-21
735	735	6	north	758.52	2023-11-23
736	736	18	south	5293.72	2024-04-18
737	737	13	south	9885.74	2023-11-24
738	738	4	north	2918.66	2023-10-27
739	739	4	north	4689.46	2023-12-04
740	740	8	north	765.61	2023-09-14
741	741	1	north	1467.94	2024-01-08
742	742	20	south	2786.44	2024-03-20
743	743	7	north	1971.42	2023-11-07
744	744	11	south	2378.99	2024-05-24
745	745	1	north	6910.67	2023-09-03
746	746	11	south	4185.57	2023-08-23
747	747	4	north	1112.91	2024-05-20
748	748	8	north	5983.30	2023-08-11
749	749	9	north	23.87	2024-04-17
750	750	14	south	2208.38	2024-01-24
751	751	7	north	7126.44	2024-02-25
752	752	9	north	6630.10	2024-07-20
753	753	15	south	7289.66	2024-07-26
754	754	6	north	3710.71	2023-09-10
755	755	2	north	544.66	2024-02-02
756	756	10	north	9175.32	2024-06-05
757	757	2	north	1807.62	2024-02-14
758	758	5	north	9436.69	2023-11-03
759	759	20	south	513.29	2023-08-06
760	760	20	south	6448.08	2023-09-01
761	761	9	north	2461.36	2024-07-24
762	762	3	north	4011.76	2023-08-13
763	763	4	north	6595.65	2023-10-15
764	764	19	south	6172.48	2023-08-31
765	765	4	north	8441.93	2023-08-29
766	766	2	north	558.95	2024-06-14
767	767	6	north	1334.35	2023-09-23
768	768	12	south	4021.62	2023-10-18
769	769	20	south	9286.55	2024-05-31
770	770	6	north	5319.13	2024-03-05
771	771	15	south	6833.56	2024-03-10
772	772	19	south	9291.59	2024-03-01
773	773	6	north	7694.63	2024-02-04
774	774	8	north	4119.70	2024-06-06
775	775	12	south	5708.91	2023-08-12
776	776	13	south	1631.53	2024-05-29
777	777	4	north	5998.18	2023-11-18
778	778	2	north	4911.28	2024-06-09
779	779	6	north	7347.60	2024-02-03
780	780	18	south	1350.28	2023-09-02
781	781	6	north	5958.69	2024-04-17
782	782	19	south	2566.49	2023-09-29
783	783	10	north	1838.40	2024-05-07
784	784	6	north	8546.67	2023-09-29
785	785	16	south	8222.59	2024-03-27
786	786	7	north	7866.60	2024-05-22
787	787	3	north	1803.27	2024-08-01
788	788	7	north	1754.68	2024-07-30
789	789	20	south	5819.70	2024-06-18
790	790	4	north	3119.19	2023-12-20
791	791	10	north	8035.86	2024-07-12
792	792	10	north	1032.73	2024-06-08
793	793	16	south	6318.56	2024-02-06
794	794	18	south	7639.16	2023-11-03
795	795	11	south	9004.22	2024-05-07
796	796	10	north	9239.98	2024-04-13
797	797	14	south	9101.92	2023-10-14
798	798	4	north	9205.36	2024-06-26
799	799	17	south	5070.96	2023-09-20
800	800	19	south	8460.15	2024-07-06
801	801	19	south	6600.95	2023-09-27
802	802	13	south	8910.44	2024-01-14
803	803	5	north	4025.60	2023-09-13
804	804	4	north	2666.79	2023-12-27
805	805	11	south	6047.58	2024-03-22
806	806	12	south	1117.45	2024-02-02
807	807	20	south	2796.56	2024-05-05
808	808	16	south	224.74	2023-08-12
809	809	5	north	2604.57	2023-08-29
810	810	11	south	5058.78	2024-02-01
811	811	8	north	3497.67	2024-04-30
812	812	1	north	1236.28	2024-07-25
813	813	3	north	9282.10	2024-07-26
814	814	11	south	464.51	2023-08-11
815	815	11	south	5376.82	2024-04-08
816	816	13	south	4682.55	2023-12-17
817	817	13	south	9145.99	2024-02-13
818	818	12	south	9252.28	2023-12-22
819	819	17	south	8252.42	2023-09-20
820	820	9	north	1003.20	2024-05-02
821	821	11	south	7040.91	2023-12-20
822	822	6	north	2588.06	2024-07-09
823	823	12	south	6171.68	2024-05-16
824	824	18	south	8561.02	2024-03-09
825	825	10	north	1950.84	2023-12-24
826	826	3	north	7197.14	2023-10-27
827	827	8	north	3959.09	2024-05-28
828	828	20	south	1729.48	2024-05-20
829	829	19	south	3433.04	2024-06-21
830	830	18	south	723.89	2024-03-03
831	831	19	south	4624.23	2024-06-06
832	832	3	north	8782.92	2024-03-21
833	833	4	north	3730.19	2024-05-04
834	834	19	south	5179.49	2023-11-28
835	835	3	north	641.45	2023-08-13
836	836	5	north	8652.03	2024-06-29
837	837	12	south	1406.94	2023-09-27
838	838	7	north	1854.11	2023-12-05
839	839	17	south	1738.59	2024-07-13
840	840	20	south	8835.49	2024-03-25
841	841	18	south	9329.83	2024-02-10
842	842	14	south	1446.80	2024-02-10
843	843	12	south	1170.24	2024-01-11
844	844	7	north	4991.23	2024-06-08
845	845	10	north	9917.52	2023-09-15
846	846	2	north	1550.36	2024-02-29
847	847	6	north	8644.63	2023-10-07
848	848	6	north	7062.30	2024-02-12
849	849	17	south	9595.36	2023-11-01
850	850	10	north	7424.77	2023-09-19
851	851	7	north	773.39	2024-04-20
852	852	18	south	100.38	2023-12-12
853	853	4	north	7454.59	2024-02-18
854	854	14	south	2978.82	2023-12-01
855	855	10	north	4135.67	2023-08-23
856	856	19	south	150.83	2023-11-20
857	857	13	south	8908.75	2023-11-11
858	858	12	south	963.73	2023-09-13
859	859	19	south	9439.83	2024-04-26
860	860	9	north	9178.23	2024-01-26
861	861	19	south	4483.18	2024-04-10
862	862	9	north	664.61	2023-11-17
863	863	14	south	1305.22	2024-04-16
864	864	14	south	9073.55	2024-05-15
865	865	17	south	549.74	2024-03-25
866	866	9	north	722.87	2023-08-23
867	867	2	north	529.44	2023-10-07
868	868	13	south	6049.44	2024-04-22
869	869	8	north	8591.16	2024-07-23
870	870	13	south	9678.94	2023-11-02
871	871	20	south	8948.71	2023-09-25
872	872	16	south	9412.92	2024-03-05
873	873	18	south	143.97	2024-04-07
874	874	11	south	3572.20	2023-09-04
875	875	11	south	7043.91	2023-10-11
876	876	3	north	5679.46	2024-06-17
877	877	13	south	6434.80	2024-05-14
878	878	18	south	6362.03	2023-08-21
879	879	4	north	8732.08	2024-01-02
880	880	19	south	7773.78	2023-10-26
881	881	6	north	9139.00	2024-01-14
882	882	4	north	7035.27	2023-09-30
883	883	8	north	8834.73	2024-01-27
884	884	8	north	3100.20	2023-11-11
885	885	11	south	406.74	2024-01-06
886	886	16	south	662.45	2024-05-31
887	887	7	north	7618.70	2024-05-15
888	888	16	south	8679.63	2024-07-12
889	889	12	south	3051.32	2024-03-17
890	890	5	north	9894.59	2024-03-25
891	891	12	south	4151.29	2023-09-08
892	892	12	south	8156.89	2024-02-17
893	893	3	north	6013.71	2024-02-06
894	894	15	south	7763.88	2024-06-12
895	895	6	north	7234.40	2023-10-06
896	896	11	south	3372.23	2023-10-28
897	897	20	south	7202.38	2023-09-30
898	898	9	north	8694.63	2024-05-18
899	899	18	south	2753.57	2023-08-23
900	900	6	north	4581.01	2024-02-10
901	901	19	south	8802.89	2023-11-11
902	902	16	south	6316.37	2024-05-15
903	903	2	north	6176.59	2023-12-31
904	904	7	north	9555.14	2023-10-23
905	905	7	north	3260.94	2024-03-27
906	906	20	south	5580.87	2023-11-15
907	907	17	south	4427.36	2024-03-09
908	908	18	south	810.63	2024-04-06
909	909	13	south	9062.67	2024-06-16
910	910	4	north	8552.40	2024-06-24
911	911	8	north	7314.01	2023-11-28
912	912	10	north	3055.73	2023-09-19
913	913	7	north	4599.04	2023-09-25
914	914	14	south	7643.61	2024-06-20
915	915	12	south	5535.56	2023-11-16
916	916	20	south	5644.74	2023-09-17
917	917	7	north	9831.50	2024-01-26
918	918	5	north	8108.70	2024-05-01
919	919	3	north	8516.56	2023-10-07
920	920	11	south	8448.38	2023-11-01
921	921	16	south	1919.66	2023-10-21
922	922	12	south	1241.75	2024-06-06
923	923	7	north	1521.89	2023-12-28
924	924	8	north	9802.87	2024-05-31
925	925	9	north	4891.49	2023-09-18
926	926	15	south	3291.44	2024-01-06
927	927	19	south	1473.64	2023-11-02
928	928	19	south	3642.28	2023-08-26
929	929	16	south	9366.08	2023-11-21
930	930	20	south	5622.36	2024-06-01
931	931	9	north	1951.13	2024-04-19
932	932	1	north	6017.78	2024-01-07
933	933	4	north	2583.72	2023-09-07
934	934	12	south	1652.87	2023-09-23
935	935	13	south	7877.94	2024-06-07
936	936	4	north	7095.96	2023-11-24
937	937	13	south	1054.23	2024-03-12
938	938	5	north	7630.01	2024-05-31
939	939	10	north	4695.22	2023-10-22
940	940	14	south	6415.40	2023-08-26
941	941	11	south	9328.08	2024-06-29
942	942	17	south	7976.24	2024-02-24
943	943	11	south	8873.42	2024-02-20
944	944	12	south	7175.75	2024-07-09
945	945	8	north	7696.21	2023-11-05
946	946	20	south	5436.99	2024-03-14
947	947	13	south	6129.74	2023-11-06
948	948	14	south	856.04	2024-06-24
949	949	4	north	5794.29	2024-03-05
950	950	1	north	49.35	2024-05-14
951	951	18	south	2888.38	2024-07-24
952	952	17	south	624.47	2024-05-13
953	953	19	south	9144.23	2023-12-01
954	954	2	north	5429.49	2023-08-17
955	955	8	north	815.59	2024-06-25
956	956	1	north	9983.29	2024-03-21
957	957	19	south	8816.91	2024-07-27
958	958	15	south	4242.90	2024-06-24
959	959	15	south	5665.72	2024-01-24
960	960	15	south	5574.26	2023-09-28
961	961	15	south	2710.37	2023-08-15
962	962	14	south	7637.76	2023-12-15
963	963	13	south	3805.80	2024-02-13
964	964	4	north	7509.71	2024-02-29
965	965	5	north	7032.29	2024-05-15
966	966	5	north	9159.79	2023-12-01
967	967	14	south	1753.47	2024-03-31
968	968	14	south	9709.94	2024-04-02
969	969	8	north	1538.78	2024-03-29
970	970	7	north	5623.22	2023-10-10
971	971	12	south	3761.81	2023-09-01
972	972	1	north	2313.99	2024-01-12
973	973	5	north	6478.27	2024-06-21
974	974	11	south	4649.45	2024-04-20
975	975	10	north	4167.05	2024-02-13
976	976	18	south	4659.01	2023-10-13
977	977	7	north	8484.56	2024-05-08
978	978	4	north	4704.84	2024-05-13
979	979	18	south	2659.71	2023-08-11
980	980	4	north	1386.54	2024-04-03
981	981	14	south	1992.66	2024-04-12
982	982	4	north	6104.51	2024-01-23
983	983	4	north	9716.39	2024-07-13
984	984	18	south	1456.19	2024-06-22
985	985	16	south	6433.74	2023-10-05
986	986	15	south	6336.58	2024-02-19
987	987	7	north	5440.21	2024-05-24
988	988	10	north	4718.80	2024-04-13
989	989	17	south	5736.86	2024-03-22
990	990	14	south	1000.63	2023-11-26
991	991	8	north	5616.05	2024-03-03
992	992	20	south	6018.17	2024-06-15
993	993	18	south	9805.12	2024-05-30
994	994	6	north	9688.02	2024-07-17
995	995	4	north	7265.94	2024-02-03
996	996	18	south	1423.56	2024-02-08
997	997	6	north	4516.97	2023-12-29
998	998	12	south	2901.89	2024-05-01
999	999	9	north	5146.63	2024-04-08
1000	1000	2	north	1095.80	2023-09-16
1002	1	2	north	1000.00	2024-07-23
\.


--
-- Data for Name: bankbranches_default; Type: TABLE DATA; Schema: public; Owner: postgres
--

COPY public.bankbranches_default (bank_id, bank_region, bank_name, account_num, total_funds) FROM stdin;
\.


--
-- Data for Name: bankbranches_north; Type: TABLE DATA; Schema: public; Owner: postgres
--

COPY public.bankbranches_north (bank_id, bank_region, bank_name, account_num, total_funds) FROM stdin;
1	north	North Branch 1	100	5594610.56
2	north	North Branch 2	100	278917.32
3	north	North Branch 3	100	6548429.16
4	north	North Branch 4	100	3022624.61
5	north	North Branch 5	100	9319176.48
6	north	North Branch 6	100	1545614.75
7	north	North Branch 7	100	6614647.71
8	north	North Branch 8	100	9817194.91
9	north	North Branch 9	100	58596.54
10	north	North Branch 10	100	4412130.14
22	north	Taoyuan	199	1000000.00
\.


--
-- Data for Name: bankbranches_south; Type: TABLE DATA; Schema: public; Owner: postgres
--

COPY public.bankbranches_south (bank_id, bank_region, bank_name, account_num, total_funds) FROM stdin;
11	south	South Branch 1	100	7699069.49
12	south	South Branch 2	100	2816372.95
13	south	South Branch 3	100	9567513.81
14	south	South Branch 4	100	7120176.88
15	south	South Branch 5	100	9097248.08
16	south	South Branch 6	100	2163925.93
17	south	South Branch 7	100	3453780.27
18	south	South Branch 8	100	9358857.07
19	south	South Branch 9	100	7044078.82
20	south	South Branch 10	100	3309649.28
21	south	Kaohsiung	99	1000000.00
\.


--
-- Data for Name: marketsurvey; Type: TABLE DATA; Schema: public; Owner: postgres
--

COPY public.marketsurvey (survey_id, survey_title, survey_des, survey_response) FROM stdin;
1	Survey 1	Description 1	{"response": "response1"}
2	Survey 2	Description 2	{"response": "response2"}
3	Survey 3	Description 3	{"response": "response3"}
4	Survey 4	Description 4	{"response": "response4"}
5	Survey 5	Description 5	{"response": "response5"}
6	Survey 6	Description 6	{"response": "response6"}
7	Survey 7	Description 7	{"response": "response7"}
8	Survey 8	Description 8	{"response": "response8"}
9	Survey 9	Description 9	{"response": "response9"}
10	Survey 10	Description 10	{"response": "response10"}
11	Customer Satisfaction Survey	Please provide your feedback on our service	{"Q0:Survey date": "2024-07-23", "Q2: satisfaction": {"quality": "7", "service": "8", "efficiency": "6"}, "Q1:What is your bank account number?": "1234567890"}
\.


--
-- Data for Name: user_information; Type: TABLE DATA; Schema: public; Owner: postgres
--

COPY public.user_information (user_id, name, gender, phone, email) FROM stdin;
1	User1	M	123-456-7890	user1@example.com
2	User2	M	123-456-7890	user2@example.com
3	User3	M	123-456-7890	user3@example.com
4	User4	M	123-456-7890	user4@example.com
5	User5	M	123-456-7890	user5@example.com
6	User6	M	123-456-7890	user6@example.com
7	User7	M	123-456-7890	user7@example.com
8	User8	M	123-456-7890	user8@example.com
9	User9	M	123-456-7890	user9@example.com
10	User10	M	123-456-7890	user10@example.com
11	User11	M	123-456-7890	user11@example.com
12	User12	M	123-456-7890	user12@example.com
13	User13	M	123-456-7890	user13@example.com
14	User14	M	123-456-7890	user14@example.com
15	User15	M	123-456-7890	user15@example.com
16	User16	M	123-456-7890	user16@example.com
17	User17	M	123-456-7890	user17@example.com
18	User18	M	123-456-7890	user18@example.com
19	User19	M	123-456-7890	user19@example.com
20	User20	M	123-456-7890	user20@example.com
21	User21	M	123-456-7890	user21@example.com
22	User22	M	123-456-7890	user22@example.com
23	User23	M	123-456-7890	user23@example.com
24	User24	M	123-456-7890	user24@example.com
25	User25	M	123-456-7890	user25@example.com
26	User26	M	123-456-7890	user26@example.com
27	User27	M	123-456-7890	user27@example.com
28	User28	M	123-456-7890	user28@example.com
29	User29	M	123-456-7890	user29@example.com
30	User30	M	123-456-7890	user30@example.com
31	User31	M	123-456-7890	user31@example.com
32	User32	M	123-456-7890	user32@example.com
33	User33	M	123-456-7890	user33@example.com
34	User34	M	123-456-7890	user34@example.com
35	User35	M	123-456-7890	user35@example.com
36	User36	M	123-456-7890	user36@example.com
37	User37	M	123-456-7890	user37@example.com
38	User38	M	123-456-7890	user38@example.com
39	User39	M	123-456-7890	user39@example.com
40	User40	M	123-456-7890	user40@example.com
41	User41	M	123-456-7890	user41@example.com
42	User42	M	123-456-7890	user42@example.com
43	User43	M	123-456-7890	user43@example.com
44	User44	M	123-456-7890	user44@example.com
45	User45	M	123-456-7890	user45@example.com
46	User46	M	123-456-7890	user46@example.com
47	User47	M	123-456-7890	user47@example.com
48	User48	M	123-456-7890	user48@example.com
49	User49	M	123-456-7890	user49@example.com
50	User50	M	123-456-7890	user50@example.com
51	User51	M	123-456-7890	user51@example.com
52	User52	M	123-456-7890	user52@example.com
53	User53	M	123-456-7890	user53@example.com
54	User54	M	123-456-7890	user54@example.com
55	User55	M	123-456-7890	user55@example.com
56	User56	M	123-456-7890	user56@example.com
57	User57	M	123-456-7890	user57@example.com
58	User58	M	123-456-7890	user58@example.com
59	User59	M	123-456-7890	user59@example.com
60	User60	M	123-456-7890	user60@example.com
61	User61	M	123-456-7890	user61@example.com
62	User62	M	123-456-7890	user62@example.com
63	User63	M	123-456-7890	user63@example.com
64	User64	M	123-456-7890	user64@example.com
65	User65	M	123-456-7890	user65@example.com
66	User66	M	123-456-7890	user66@example.com
67	User67	M	123-456-7890	user67@example.com
68	User68	M	123-456-7890	user68@example.com
69	User69	M	123-456-7890	user69@example.com
70	User70	M	123-456-7890	user70@example.com
71	User71	M	123-456-7890	user71@example.com
72	User72	M	123-456-7890	user72@example.com
73	User73	M	123-456-7890	user73@example.com
74	User74	M	123-456-7890	user74@example.com
75	User75	M	123-456-7890	user75@example.com
76	User76	M	123-456-7890	user76@example.com
77	User77	M	123-456-7890	user77@example.com
78	User78	M	123-456-7890	user78@example.com
79	User79	M	123-456-7890	user79@example.com
80	User80	M	123-456-7890	user80@example.com
81	User81	M	123-456-7890	user81@example.com
82	User82	M	123-456-7890	user82@example.com
83	User83	M	123-456-7890	user83@example.com
84	User84	M	123-456-7890	user84@example.com
85	User85	M	123-456-7890	user85@example.com
86	User86	M	123-456-7890	user86@example.com
87	User87	M	123-456-7890	user87@example.com
88	User88	M	123-456-7890	user88@example.com
89	User89	M	123-456-7890	user89@example.com
90	User90	M	123-456-7890	user90@example.com
91	User91	M	123-456-7890	user91@example.com
92	User92	M	123-456-7890	user92@example.com
93	User93	M	123-456-7890	user93@example.com
94	User94	M	123-456-7890	user94@example.com
95	User95	M	123-456-7890	user95@example.com
96	User96	M	123-456-7890	user96@example.com
97	User97	M	123-456-7890	user97@example.com
98	User98	M	123-456-7890	user98@example.com
99	User99	M	123-456-7890	user99@example.com
100	User100	M	123-456-7890	user100@example.com
101	User101	M	123-456-7890	user101@example.com
102	User102	M	123-456-7890	user102@example.com
103	User103	M	123-456-7890	user103@example.com
104	User104	M	123-456-7890	user104@example.com
105	User105	M	123-456-7890	user105@example.com
106	User106	M	123-456-7890	user106@example.com
107	User107	M	123-456-7890	user107@example.com
108	User108	M	123-456-7890	user108@example.com
109	User109	M	123-456-7890	user109@example.com
110	User110	M	123-456-7890	user110@example.com
111	User111	M	123-456-7890	user111@example.com
112	User112	M	123-456-7890	user112@example.com
113	User113	M	123-456-7890	user113@example.com
114	User114	M	123-456-7890	user114@example.com
115	User115	M	123-456-7890	user115@example.com
116	User116	M	123-456-7890	user116@example.com
117	User117	M	123-456-7890	user117@example.com
118	User118	M	123-456-7890	user118@example.com
119	User119	M	123-456-7890	user119@example.com
120	User120	M	123-456-7890	user120@example.com
121	User121	M	123-456-7890	user121@example.com
122	User122	M	123-456-7890	user122@example.com
123	User123	M	123-456-7890	user123@example.com
124	User124	M	123-456-7890	user124@example.com
125	User125	M	123-456-7890	user125@example.com
126	User126	M	123-456-7890	user126@example.com
127	User127	M	123-456-7890	user127@example.com
128	User128	M	123-456-7890	user128@example.com
129	User129	M	123-456-7890	user129@example.com
130	User130	M	123-456-7890	user130@example.com
131	User131	M	123-456-7890	user131@example.com
132	User132	M	123-456-7890	user132@example.com
133	User133	M	123-456-7890	user133@example.com
134	User134	M	123-456-7890	user134@example.com
135	User135	M	123-456-7890	user135@example.com
136	User136	M	123-456-7890	user136@example.com
137	User137	M	123-456-7890	user137@example.com
138	User138	M	123-456-7890	user138@example.com
139	User139	M	123-456-7890	user139@example.com
140	User140	M	123-456-7890	user140@example.com
141	User141	M	123-456-7890	user141@example.com
142	User142	M	123-456-7890	user142@example.com
143	User143	M	123-456-7890	user143@example.com
144	User144	M	123-456-7890	user144@example.com
145	User145	M	123-456-7890	user145@example.com
146	User146	M	123-456-7890	user146@example.com
147	User147	M	123-456-7890	user147@example.com
148	User148	M	123-456-7890	user148@example.com
149	User149	M	123-456-7890	user149@example.com
150	User150	M	123-456-7890	user150@example.com
151	User151	M	123-456-7890	user151@example.com
152	User152	M	123-456-7890	user152@example.com
153	User153	M	123-456-7890	user153@example.com
154	User154	M	123-456-7890	user154@example.com
155	User155	M	123-456-7890	user155@example.com
156	User156	M	123-456-7890	user156@example.com
157	User157	M	123-456-7890	user157@example.com
158	User158	M	123-456-7890	user158@example.com
159	User159	M	123-456-7890	user159@example.com
160	User160	M	123-456-7890	user160@example.com
161	User161	M	123-456-7890	user161@example.com
162	User162	M	123-456-7890	user162@example.com
163	User163	M	123-456-7890	user163@example.com
164	User164	M	123-456-7890	user164@example.com
165	User165	M	123-456-7890	user165@example.com
166	User166	M	123-456-7890	user166@example.com
167	User167	M	123-456-7890	user167@example.com
168	User168	M	123-456-7890	user168@example.com
169	User169	M	123-456-7890	user169@example.com
170	User170	M	123-456-7890	user170@example.com
171	User171	M	123-456-7890	user171@example.com
172	User172	M	123-456-7890	user172@example.com
173	User173	M	123-456-7890	user173@example.com
174	User174	M	123-456-7890	user174@example.com
175	User175	M	123-456-7890	user175@example.com
176	User176	M	123-456-7890	user176@example.com
177	User177	M	123-456-7890	user177@example.com
178	User178	M	123-456-7890	user178@example.com
179	User179	M	123-456-7890	user179@example.com
180	User180	M	123-456-7890	user180@example.com
181	User181	M	123-456-7890	user181@example.com
182	User182	M	123-456-7890	user182@example.com
183	User183	M	123-456-7890	user183@example.com
184	User184	M	123-456-7890	user184@example.com
185	User185	M	123-456-7890	user185@example.com
186	User186	M	123-456-7890	user186@example.com
187	User187	M	123-456-7890	user187@example.com
188	User188	M	123-456-7890	user188@example.com
189	User189	M	123-456-7890	user189@example.com
190	User190	M	123-456-7890	user190@example.com
191	User191	M	123-456-7890	user191@example.com
192	User192	M	123-456-7890	user192@example.com
193	User193	M	123-456-7890	user193@example.com
194	User194	M	123-456-7890	user194@example.com
195	User195	M	123-456-7890	user195@example.com
196	User196	M	123-456-7890	user196@example.com
197	User197	M	123-456-7890	user197@example.com
198	User198	M	123-456-7890	user198@example.com
199	User199	M	123-456-7890	user199@example.com
200	User200	M	123-456-7890	user200@example.com
201	User201	M	123-456-7890	user201@example.com
202	User202	M	123-456-7890	user202@example.com
203	User203	M	123-456-7890	user203@example.com
204	User204	M	123-456-7890	user204@example.com
205	User205	M	123-456-7890	user205@example.com
206	User206	M	123-456-7890	user206@example.com
207	User207	M	123-456-7890	user207@example.com
208	User208	M	123-456-7890	user208@example.com
209	User209	M	123-456-7890	user209@example.com
210	User210	M	123-456-7890	user210@example.com
211	User211	M	123-456-7890	user211@example.com
212	User212	M	123-456-7890	user212@example.com
213	User213	M	123-456-7890	user213@example.com
214	User214	M	123-456-7890	user214@example.com
215	User215	M	123-456-7890	user215@example.com
216	User216	M	123-456-7890	user216@example.com
217	User217	M	123-456-7890	user217@example.com
218	User218	M	123-456-7890	user218@example.com
219	User219	M	123-456-7890	user219@example.com
220	User220	M	123-456-7890	user220@example.com
221	User221	M	123-456-7890	user221@example.com
222	User222	M	123-456-7890	user222@example.com
223	User223	M	123-456-7890	user223@example.com
224	User224	M	123-456-7890	user224@example.com
225	User225	M	123-456-7890	user225@example.com
226	User226	M	123-456-7890	user226@example.com
227	User227	M	123-456-7890	user227@example.com
228	User228	M	123-456-7890	user228@example.com
229	User229	M	123-456-7890	user229@example.com
230	User230	M	123-456-7890	user230@example.com
231	User231	M	123-456-7890	user231@example.com
232	User232	M	123-456-7890	user232@example.com
233	User233	M	123-456-7890	user233@example.com
234	User234	M	123-456-7890	user234@example.com
235	User235	M	123-456-7890	user235@example.com
236	User236	M	123-456-7890	user236@example.com
237	User237	M	123-456-7890	user237@example.com
238	User238	M	123-456-7890	user238@example.com
239	User239	M	123-456-7890	user239@example.com
240	User240	M	123-456-7890	user240@example.com
241	User241	M	123-456-7890	user241@example.com
242	User242	M	123-456-7890	user242@example.com
243	User243	M	123-456-7890	user243@example.com
244	User244	M	123-456-7890	user244@example.com
245	User245	M	123-456-7890	user245@example.com
246	User246	M	123-456-7890	user246@example.com
247	User247	M	123-456-7890	user247@example.com
248	User248	M	123-456-7890	user248@example.com
249	User249	M	123-456-7890	user249@example.com
250	User250	M	123-456-7890	user250@example.com
251	User251	M	123-456-7890	user251@example.com
252	User252	M	123-456-7890	user252@example.com
253	User253	M	123-456-7890	user253@example.com
254	User254	M	123-456-7890	user254@example.com
255	User255	M	123-456-7890	user255@example.com
256	User256	M	123-456-7890	user256@example.com
257	User257	M	123-456-7890	user257@example.com
258	User258	M	123-456-7890	user258@example.com
259	User259	M	123-456-7890	user259@example.com
260	User260	M	123-456-7890	user260@example.com
261	User261	M	123-456-7890	user261@example.com
262	User262	M	123-456-7890	user262@example.com
263	User263	M	123-456-7890	user263@example.com
264	User264	M	123-456-7890	user264@example.com
265	User265	M	123-456-7890	user265@example.com
266	User266	M	123-456-7890	user266@example.com
267	User267	M	123-456-7890	user267@example.com
268	User268	M	123-456-7890	user268@example.com
269	User269	M	123-456-7890	user269@example.com
270	User270	M	123-456-7890	user270@example.com
271	User271	M	123-456-7890	user271@example.com
272	User272	M	123-456-7890	user272@example.com
273	User273	M	123-456-7890	user273@example.com
274	User274	M	123-456-7890	user274@example.com
275	User275	M	123-456-7890	user275@example.com
276	User276	M	123-456-7890	user276@example.com
277	User277	M	123-456-7890	user277@example.com
278	User278	M	123-456-7890	user278@example.com
279	User279	M	123-456-7890	user279@example.com
280	User280	M	123-456-7890	user280@example.com
281	User281	M	123-456-7890	user281@example.com
282	User282	M	123-456-7890	user282@example.com
283	User283	M	123-456-7890	user283@example.com
284	User284	M	123-456-7890	user284@example.com
285	User285	M	123-456-7890	user285@example.com
286	User286	M	123-456-7890	user286@example.com
287	User287	M	123-456-7890	user287@example.com
288	User288	M	123-456-7890	user288@example.com
289	User289	M	123-456-7890	user289@example.com
290	User290	M	123-456-7890	user290@example.com
291	User291	M	123-456-7890	user291@example.com
292	User292	M	123-456-7890	user292@example.com
293	User293	M	123-456-7890	user293@example.com
294	User294	M	123-456-7890	user294@example.com
295	User295	M	123-456-7890	user295@example.com
296	User296	M	123-456-7890	user296@example.com
297	User297	M	123-456-7890	user297@example.com
298	User298	M	123-456-7890	user298@example.com
299	User299	M	123-456-7890	user299@example.com
300	User300	M	123-456-7890	user300@example.com
301	User301	M	123-456-7890	user301@example.com
302	User302	M	123-456-7890	user302@example.com
303	User303	M	123-456-7890	user303@example.com
304	User304	M	123-456-7890	user304@example.com
305	User305	M	123-456-7890	user305@example.com
306	User306	M	123-456-7890	user306@example.com
307	User307	M	123-456-7890	user307@example.com
308	User308	M	123-456-7890	user308@example.com
309	User309	M	123-456-7890	user309@example.com
310	User310	M	123-456-7890	user310@example.com
311	User311	M	123-456-7890	user311@example.com
312	User312	M	123-456-7890	user312@example.com
313	User313	M	123-456-7890	user313@example.com
314	User314	M	123-456-7890	user314@example.com
315	User315	M	123-456-7890	user315@example.com
316	User316	M	123-456-7890	user316@example.com
317	User317	M	123-456-7890	user317@example.com
318	User318	M	123-456-7890	user318@example.com
319	User319	M	123-456-7890	user319@example.com
320	User320	M	123-456-7890	user320@example.com
321	User321	M	123-456-7890	user321@example.com
322	User322	M	123-456-7890	user322@example.com
323	User323	M	123-456-7890	user323@example.com
324	User324	M	123-456-7890	user324@example.com
325	User325	M	123-456-7890	user325@example.com
326	User326	M	123-456-7890	user326@example.com
327	User327	M	123-456-7890	user327@example.com
328	User328	M	123-456-7890	user328@example.com
329	User329	M	123-456-7890	user329@example.com
330	User330	M	123-456-7890	user330@example.com
331	User331	M	123-456-7890	user331@example.com
332	User332	M	123-456-7890	user332@example.com
333	User333	M	123-456-7890	user333@example.com
334	User334	M	123-456-7890	user334@example.com
335	User335	M	123-456-7890	user335@example.com
336	User336	M	123-456-7890	user336@example.com
337	User337	M	123-456-7890	user337@example.com
338	User338	M	123-456-7890	user338@example.com
339	User339	M	123-456-7890	user339@example.com
340	User340	M	123-456-7890	user340@example.com
341	User341	M	123-456-7890	user341@example.com
342	User342	M	123-456-7890	user342@example.com
343	User343	M	123-456-7890	user343@example.com
344	User344	M	123-456-7890	user344@example.com
345	User345	M	123-456-7890	user345@example.com
346	User346	M	123-456-7890	user346@example.com
347	User347	M	123-456-7890	user347@example.com
348	User348	M	123-456-7890	user348@example.com
349	User349	M	123-456-7890	user349@example.com
350	User350	M	123-456-7890	user350@example.com
351	User351	M	123-456-7890	user351@example.com
352	User352	M	123-456-7890	user352@example.com
353	User353	M	123-456-7890	user353@example.com
354	User354	M	123-456-7890	user354@example.com
355	User355	M	123-456-7890	user355@example.com
356	User356	M	123-456-7890	user356@example.com
357	User357	M	123-456-7890	user357@example.com
358	User358	M	123-456-7890	user358@example.com
359	User359	M	123-456-7890	user359@example.com
360	User360	M	123-456-7890	user360@example.com
361	User361	M	123-456-7890	user361@example.com
362	User362	M	123-456-7890	user362@example.com
363	User363	M	123-456-7890	user363@example.com
364	User364	M	123-456-7890	user364@example.com
365	User365	M	123-456-7890	user365@example.com
366	User366	M	123-456-7890	user366@example.com
367	User367	M	123-456-7890	user367@example.com
368	User368	M	123-456-7890	user368@example.com
369	User369	M	123-456-7890	user369@example.com
370	User370	M	123-456-7890	user370@example.com
371	User371	M	123-456-7890	user371@example.com
372	User372	M	123-456-7890	user372@example.com
373	User373	M	123-456-7890	user373@example.com
374	User374	M	123-456-7890	user374@example.com
375	User375	M	123-456-7890	user375@example.com
376	User376	M	123-456-7890	user376@example.com
377	User377	M	123-456-7890	user377@example.com
378	User378	M	123-456-7890	user378@example.com
379	User379	M	123-456-7890	user379@example.com
380	User380	M	123-456-7890	user380@example.com
381	User381	M	123-456-7890	user381@example.com
382	User382	M	123-456-7890	user382@example.com
383	User383	M	123-456-7890	user383@example.com
384	User384	M	123-456-7890	user384@example.com
385	User385	M	123-456-7890	user385@example.com
386	User386	M	123-456-7890	user386@example.com
387	User387	M	123-456-7890	user387@example.com
388	User388	M	123-456-7890	user388@example.com
389	User389	M	123-456-7890	user389@example.com
390	User390	M	123-456-7890	user390@example.com
391	User391	M	123-456-7890	user391@example.com
392	User392	M	123-456-7890	user392@example.com
393	User393	M	123-456-7890	user393@example.com
394	User394	M	123-456-7890	user394@example.com
395	User395	M	123-456-7890	user395@example.com
396	User396	M	123-456-7890	user396@example.com
397	User397	M	123-456-7890	user397@example.com
398	User398	M	123-456-7890	user398@example.com
399	User399	M	123-456-7890	user399@example.com
400	User400	M	123-456-7890	user400@example.com
401	User401	M	123-456-7890	user401@example.com
402	User402	M	123-456-7890	user402@example.com
403	User403	M	123-456-7890	user403@example.com
404	User404	M	123-456-7890	user404@example.com
405	User405	M	123-456-7890	user405@example.com
406	User406	M	123-456-7890	user406@example.com
407	User407	M	123-456-7890	user407@example.com
408	User408	M	123-456-7890	user408@example.com
409	User409	M	123-456-7890	user409@example.com
410	User410	M	123-456-7890	user410@example.com
411	User411	M	123-456-7890	user411@example.com
412	User412	M	123-456-7890	user412@example.com
413	User413	M	123-456-7890	user413@example.com
414	User414	M	123-456-7890	user414@example.com
415	User415	M	123-456-7890	user415@example.com
416	User416	M	123-456-7890	user416@example.com
417	User417	M	123-456-7890	user417@example.com
418	User418	M	123-456-7890	user418@example.com
419	User419	M	123-456-7890	user419@example.com
420	User420	M	123-456-7890	user420@example.com
421	User421	M	123-456-7890	user421@example.com
422	User422	M	123-456-7890	user422@example.com
423	User423	M	123-456-7890	user423@example.com
424	User424	M	123-456-7890	user424@example.com
425	User425	M	123-456-7890	user425@example.com
426	User426	M	123-456-7890	user426@example.com
427	User427	M	123-456-7890	user427@example.com
428	User428	M	123-456-7890	user428@example.com
429	User429	M	123-456-7890	user429@example.com
430	User430	M	123-456-7890	user430@example.com
431	User431	M	123-456-7890	user431@example.com
432	User432	M	123-456-7890	user432@example.com
433	User433	M	123-456-7890	user433@example.com
434	User434	M	123-456-7890	user434@example.com
435	User435	M	123-456-7890	user435@example.com
436	User436	M	123-456-7890	user436@example.com
437	User437	M	123-456-7890	user437@example.com
438	User438	M	123-456-7890	user438@example.com
439	User439	M	123-456-7890	user439@example.com
440	User440	M	123-456-7890	user440@example.com
441	User441	M	123-456-7890	user441@example.com
442	User442	M	123-456-7890	user442@example.com
443	User443	M	123-456-7890	user443@example.com
444	User444	M	123-456-7890	user444@example.com
445	User445	M	123-456-7890	user445@example.com
446	User446	M	123-456-7890	user446@example.com
447	User447	M	123-456-7890	user447@example.com
448	User448	M	123-456-7890	user448@example.com
449	User449	M	123-456-7890	user449@example.com
450	User450	M	123-456-7890	user450@example.com
451	User451	M	123-456-7890	user451@example.com
452	User452	M	123-456-7890	user452@example.com
453	User453	M	123-456-7890	user453@example.com
454	User454	M	123-456-7890	user454@example.com
455	User455	M	123-456-7890	user455@example.com
456	User456	M	123-456-7890	user456@example.com
457	User457	M	123-456-7890	user457@example.com
458	User458	M	123-456-7890	user458@example.com
459	User459	M	123-456-7890	user459@example.com
460	User460	M	123-456-7890	user460@example.com
461	User461	M	123-456-7890	user461@example.com
462	User462	M	123-456-7890	user462@example.com
463	User463	M	123-456-7890	user463@example.com
464	User464	M	123-456-7890	user464@example.com
465	User465	M	123-456-7890	user465@example.com
466	User466	M	123-456-7890	user466@example.com
467	User467	M	123-456-7890	user467@example.com
468	User468	M	123-456-7890	user468@example.com
469	User469	M	123-456-7890	user469@example.com
470	User470	M	123-456-7890	user470@example.com
471	User471	M	123-456-7890	user471@example.com
472	User472	M	123-456-7890	user472@example.com
473	User473	M	123-456-7890	user473@example.com
474	User474	M	123-456-7890	user474@example.com
475	User475	M	123-456-7890	user475@example.com
476	User476	M	123-456-7890	user476@example.com
477	User477	M	123-456-7890	user477@example.com
478	User478	M	123-456-7890	user478@example.com
479	User479	M	123-456-7890	user479@example.com
480	User480	M	123-456-7890	user480@example.com
481	User481	M	123-456-7890	user481@example.com
482	User482	M	123-456-7890	user482@example.com
483	User483	M	123-456-7890	user483@example.com
484	User484	M	123-456-7890	user484@example.com
485	User485	M	123-456-7890	user485@example.com
486	User486	M	123-456-7890	user486@example.com
487	User487	M	123-456-7890	user487@example.com
488	User488	M	123-456-7890	user488@example.com
489	User489	M	123-456-7890	user489@example.com
490	User490	M	123-456-7890	user490@example.com
491	User491	M	123-456-7890	user491@example.com
492	User492	M	123-456-7890	user492@example.com
493	User493	M	123-456-7890	user493@example.com
494	User494	M	123-456-7890	user494@example.com
495	User495	M	123-456-7890	user495@example.com
496	User496	M	123-456-7890	user496@example.com
497	User497	M	123-456-7890	user497@example.com
498	User498	M	123-456-7890	user498@example.com
499	User499	M	123-456-7890	user499@example.com
500	User500	M	123-456-7890	user500@example.com
501	User501	M	123-456-7890	user501@example.com
502	User502	M	123-456-7890	user502@example.com
503	User503	M	123-456-7890	user503@example.com
504	User504	M	123-456-7890	user504@example.com
505	User505	M	123-456-7890	user505@example.com
506	User506	M	123-456-7890	user506@example.com
507	User507	M	123-456-7890	user507@example.com
508	User508	M	123-456-7890	user508@example.com
509	User509	M	123-456-7890	user509@example.com
510	User510	M	123-456-7890	user510@example.com
511	User511	M	123-456-7890	user511@example.com
512	User512	M	123-456-7890	user512@example.com
513	User513	M	123-456-7890	user513@example.com
514	User514	M	123-456-7890	user514@example.com
515	User515	M	123-456-7890	user515@example.com
516	User516	M	123-456-7890	user516@example.com
517	User517	M	123-456-7890	user517@example.com
518	User518	M	123-456-7890	user518@example.com
519	User519	M	123-456-7890	user519@example.com
520	User520	M	123-456-7890	user520@example.com
521	User521	M	123-456-7890	user521@example.com
522	User522	M	123-456-7890	user522@example.com
523	User523	M	123-456-7890	user523@example.com
524	User524	M	123-456-7890	user524@example.com
525	User525	M	123-456-7890	user525@example.com
526	User526	M	123-456-7890	user526@example.com
527	User527	M	123-456-7890	user527@example.com
528	User528	M	123-456-7890	user528@example.com
529	User529	M	123-456-7890	user529@example.com
530	User530	M	123-456-7890	user530@example.com
531	User531	M	123-456-7890	user531@example.com
532	User532	M	123-456-7890	user532@example.com
533	User533	M	123-456-7890	user533@example.com
534	User534	M	123-456-7890	user534@example.com
535	User535	M	123-456-7890	user535@example.com
536	User536	M	123-456-7890	user536@example.com
537	User537	M	123-456-7890	user537@example.com
538	User538	M	123-456-7890	user538@example.com
539	User539	M	123-456-7890	user539@example.com
540	User540	M	123-456-7890	user540@example.com
541	User541	M	123-456-7890	user541@example.com
542	User542	M	123-456-7890	user542@example.com
543	User543	M	123-456-7890	user543@example.com
544	User544	M	123-456-7890	user544@example.com
545	User545	M	123-456-7890	user545@example.com
546	User546	M	123-456-7890	user546@example.com
547	User547	M	123-456-7890	user547@example.com
548	User548	M	123-456-7890	user548@example.com
549	User549	M	123-456-7890	user549@example.com
550	User550	M	123-456-7890	user550@example.com
551	User551	M	123-456-7890	user551@example.com
552	User552	M	123-456-7890	user552@example.com
553	User553	M	123-456-7890	user553@example.com
554	User554	M	123-456-7890	user554@example.com
555	User555	M	123-456-7890	user555@example.com
556	User556	M	123-456-7890	user556@example.com
557	User557	M	123-456-7890	user557@example.com
558	User558	M	123-456-7890	user558@example.com
559	User559	M	123-456-7890	user559@example.com
560	User560	M	123-456-7890	user560@example.com
561	User561	M	123-456-7890	user561@example.com
562	User562	M	123-456-7890	user562@example.com
563	User563	M	123-456-7890	user563@example.com
564	User564	M	123-456-7890	user564@example.com
565	User565	M	123-456-7890	user565@example.com
566	User566	M	123-456-7890	user566@example.com
567	User567	M	123-456-7890	user567@example.com
568	User568	M	123-456-7890	user568@example.com
569	User569	M	123-456-7890	user569@example.com
570	User570	M	123-456-7890	user570@example.com
571	User571	M	123-456-7890	user571@example.com
572	User572	M	123-456-7890	user572@example.com
573	User573	M	123-456-7890	user573@example.com
574	User574	M	123-456-7890	user574@example.com
575	User575	M	123-456-7890	user575@example.com
576	User576	M	123-456-7890	user576@example.com
577	User577	M	123-456-7890	user577@example.com
578	User578	M	123-456-7890	user578@example.com
579	User579	M	123-456-7890	user579@example.com
580	User580	M	123-456-7890	user580@example.com
581	User581	M	123-456-7890	user581@example.com
582	User582	M	123-456-7890	user582@example.com
583	User583	M	123-456-7890	user583@example.com
584	User584	M	123-456-7890	user584@example.com
585	User585	M	123-456-7890	user585@example.com
586	User586	M	123-456-7890	user586@example.com
587	User587	M	123-456-7890	user587@example.com
588	User588	M	123-456-7890	user588@example.com
589	User589	M	123-456-7890	user589@example.com
590	User590	M	123-456-7890	user590@example.com
591	User591	M	123-456-7890	user591@example.com
592	User592	M	123-456-7890	user592@example.com
593	User593	M	123-456-7890	user593@example.com
594	User594	M	123-456-7890	user594@example.com
595	User595	M	123-456-7890	user595@example.com
596	User596	M	123-456-7890	user596@example.com
597	User597	M	123-456-7890	user597@example.com
598	User598	M	123-456-7890	user598@example.com
599	User599	M	123-456-7890	user599@example.com
600	User600	M	123-456-7890	user600@example.com
601	User601	M	123-456-7890	user601@example.com
602	User602	M	123-456-7890	user602@example.com
603	User603	M	123-456-7890	user603@example.com
604	User604	M	123-456-7890	user604@example.com
605	User605	M	123-456-7890	user605@example.com
606	User606	M	123-456-7890	user606@example.com
607	User607	M	123-456-7890	user607@example.com
608	User608	M	123-456-7890	user608@example.com
609	User609	M	123-456-7890	user609@example.com
610	User610	M	123-456-7890	user610@example.com
611	User611	M	123-456-7890	user611@example.com
612	User612	M	123-456-7890	user612@example.com
613	User613	M	123-456-7890	user613@example.com
614	User614	M	123-456-7890	user614@example.com
615	User615	M	123-456-7890	user615@example.com
616	User616	M	123-456-7890	user616@example.com
617	User617	M	123-456-7890	user617@example.com
618	User618	M	123-456-7890	user618@example.com
619	User619	M	123-456-7890	user619@example.com
620	User620	M	123-456-7890	user620@example.com
621	User621	M	123-456-7890	user621@example.com
622	User622	M	123-456-7890	user622@example.com
623	User623	M	123-456-7890	user623@example.com
624	User624	M	123-456-7890	user624@example.com
625	User625	M	123-456-7890	user625@example.com
626	User626	M	123-456-7890	user626@example.com
627	User627	M	123-456-7890	user627@example.com
628	User628	M	123-456-7890	user628@example.com
629	User629	M	123-456-7890	user629@example.com
630	User630	M	123-456-7890	user630@example.com
631	User631	M	123-456-7890	user631@example.com
632	User632	M	123-456-7890	user632@example.com
633	User633	M	123-456-7890	user633@example.com
634	User634	M	123-456-7890	user634@example.com
635	User635	M	123-456-7890	user635@example.com
636	User636	M	123-456-7890	user636@example.com
637	User637	M	123-456-7890	user637@example.com
638	User638	M	123-456-7890	user638@example.com
639	User639	M	123-456-7890	user639@example.com
640	User640	M	123-456-7890	user640@example.com
641	User641	M	123-456-7890	user641@example.com
642	User642	M	123-456-7890	user642@example.com
643	User643	M	123-456-7890	user643@example.com
644	User644	M	123-456-7890	user644@example.com
645	User645	M	123-456-7890	user645@example.com
646	User646	M	123-456-7890	user646@example.com
647	User647	M	123-456-7890	user647@example.com
648	User648	M	123-456-7890	user648@example.com
649	User649	M	123-456-7890	user649@example.com
650	User650	M	123-456-7890	user650@example.com
651	User651	M	123-456-7890	user651@example.com
652	User652	M	123-456-7890	user652@example.com
653	User653	M	123-456-7890	user653@example.com
654	User654	M	123-456-7890	user654@example.com
655	User655	M	123-456-7890	user655@example.com
656	User656	M	123-456-7890	user656@example.com
657	User657	M	123-456-7890	user657@example.com
658	User658	M	123-456-7890	user658@example.com
659	User659	M	123-456-7890	user659@example.com
660	User660	M	123-456-7890	user660@example.com
661	User661	M	123-456-7890	user661@example.com
662	User662	M	123-456-7890	user662@example.com
663	User663	M	123-456-7890	user663@example.com
664	User664	M	123-456-7890	user664@example.com
665	User665	M	123-456-7890	user665@example.com
666	User666	M	123-456-7890	user666@example.com
667	User667	M	123-456-7890	user667@example.com
668	User668	M	123-456-7890	user668@example.com
669	User669	M	123-456-7890	user669@example.com
670	User670	M	123-456-7890	user670@example.com
671	User671	M	123-456-7890	user671@example.com
672	User672	M	123-456-7890	user672@example.com
673	User673	M	123-456-7890	user673@example.com
674	User674	M	123-456-7890	user674@example.com
675	User675	M	123-456-7890	user675@example.com
676	User676	M	123-456-7890	user676@example.com
677	User677	M	123-456-7890	user677@example.com
678	User678	M	123-456-7890	user678@example.com
679	User679	M	123-456-7890	user679@example.com
680	User680	M	123-456-7890	user680@example.com
681	User681	M	123-456-7890	user681@example.com
682	User682	M	123-456-7890	user682@example.com
683	User683	M	123-456-7890	user683@example.com
684	User684	M	123-456-7890	user684@example.com
685	User685	M	123-456-7890	user685@example.com
686	User686	M	123-456-7890	user686@example.com
687	User687	M	123-456-7890	user687@example.com
688	User688	M	123-456-7890	user688@example.com
689	User689	M	123-456-7890	user689@example.com
690	User690	M	123-456-7890	user690@example.com
691	User691	M	123-456-7890	user691@example.com
692	User692	M	123-456-7890	user692@example.com
693	User693	M	123-456-7890	user693@example.com
694	User694	M	123-456-7890	user694@example.com
695	User695	M	123-456-7890	user695@example.com
696	User696	M	123-456-7890	user696@example.com
697	User697	M	123-456-7890	user697@example.com
698	User698	M	123-456-7890	user698@example.com
699	User699	M	123-456-7890	user699@example.com
700	User700	M	123-456-7890	user700@example.com
701	User701	M	123-456-7890	user701@example.com
702	User702	M	123-456-7890	user702@example.com
703	User703	M	123-456-7890	user703@example.com
704	User704	M	123-456-7890	user704@example.com
705	User705	M	123-456-7890	user705@example.com
706	User706	M	123-456-7890	user706@example.com
707	User707	M	123-456-7890	user707@example.com
708	User708	M	123-456-7890	user708@example.com
709	User709	M	123-456-7890	user709@example.com
710	User710	M	123-456-7890	user710@example.com
711	User711	M	123-456-7890	user711@example.com
712	User712	M	123-456-7890	user712@example.com
713	User713	M	123-456-7890	user713@example.com
714	User714	M	123-456-7890	user714@example.com
715	User715	M	123-456-7890	user715@example.com
716	User716	M	123-456-7890	user716@example.com
717	User717	M	123-456-7890	user717@example.com
718	User718	M	123-456-7890	user718@example.com
719	User719	M	123-456-7890	user719@example.com
720	User720	M	123-456-7890	user720@example.com
721	User721	M	123-456-7890	user721@example.com
722	User722	M	123-456-7890	user722@example.com
723	User723	M	123-456-7890	user723@example.com
724	User724	M	123-456-7890	user724@example.com
725	User725	M	123-456-7890	user725@example.com
726	User726	M	123-456-7890	user726@example.com
727	User727	M	123-456-7890	user727@example.com
728	User728	M	123-456-7890	user728@example.com
729	User729	M	123-456-7890	user729@example.com
730	User730	M	123-456-7890	user730@example.com
731	User731	M	123-456-7890	user731@example.com
732	User732	M	123-456-7890	user732@example.com
733	User733	M	123-456-7890	user733@example.com
734	User734	M	123-456-7890	user734@example.com
735	User735	M	123-456-7890	user735@example.com
736	User736	M	123-456-7890	user736@example.com
737	User737	M	123-456-7890	user737@example.com
738	User738	M	123-456-7890	user738@example.com
739	User739	M	123-456-7890	user739@example.com
740	User740	M	123-456-7890	user740@example.com
741	User741	M	123-456-7890	user741@example.com
742	User742	M	123-456-7890	user742@example.com
743	User743	M	123-456-7890	user743@example.com
744	User744	M	123-456-7890	user744@example.com
745	User745	M	123-456-7890	user745@example.com
746	User746	M	123-456-7890	user746@example.com
747	User747	M	123-456-7890	user747@example.com
748	User748	M	123-456-7890	user748@example.com
749	User749	M	123-456-7890	user749@example.com
750	User750	M	123-456-7890	user750@example.com
751	User751	M	123-456-7890	user751@example.com
752	User752	M	123-456-7890	user752@example.com
753	User753	M	123-456-7890	user753@example.com
754	User754	M	123-456-7890	user754@example.com
755	User755	M	123-456-7890	user755@example.com
756	User756	M	123-456-7890	user756@example.com
757	User757	M	123-456-7890	user757@example.com
758	User758	M	123-456-7890	user758@example.com
759	User759	M	123-456-7890	user759@example.com
760	User760	M	123-456-7890	user760@example.com
761	User761	M	123-456-7890	user761@example.com
762	User762	M	123-456-7890	user762@example.com
763	User763	M	123-456-7890	user763@example.com
764	User764	M	123-456-7890	user764@example.com
765	User765	M	123-456-7890	user765@example.com
766	User766	M	123-456-7890	user766@example.com
767	User767	M	123-456-7890	user767@example.com
768	User768	M	123-456-7890	user768@example.com
769	User769	M	123-456-7890	user769@example.com
770	User770	M	123-456-7890	user770@example.com
771	User771	M	123-456-7890	user771@example.com
772	User772	M	123-456-7890	user772@example.com
773	User773	M	123-456-7890	user773@example.com
774	User774	M	123-456-7890	user774@example.com
775	User775	M	123-456-7890	user775@example.com
776	User776	M	123-456-7890	user776@example.com
777	User777	M	123-456-7890	user777@example.com
778	User778	M	123-456-7890	user778@example.com
779	User779	M	123-456-7890	user779@example.com
780	User780	M	123-456-7890	user780@example.com
781	User781	M	123-456-7890	user781@example.com
782	User782	M	123-456-7890	user782@example.com
783	User783	M	123-456-7890	user783@example.com
784	User784	M	123-456-7890	user784@example.com
785	User785	M	123-456-7890	user785@example.com
786	User786	M	123-456-7890	user786@example.com
787	User787	M	123-456-7890	user787@example.com
788	User788	M	123-456-7890	user788@example.com
789	User789	M	123-456-7890	user789@example.com
790	User790	M	123-456-7890	user790@example.com
791	User791	M	123-456-7890	user791@example.com
792	User792	M	123-456-7890	user792@example.com
793	User793	M	123-456-7890	user793@example.com
794	User794	M	123-456-7890	user794@example.com
795	User795	M	123-456-7890	user795@example.com
796	User796	M	123-456-7890	user796@example.com
797	User797	M	123-456-7890	user797@example.com
798	User798	M	123-456-7890	user798@example.com
799	User799	M	123-456-7890	user799@example.com
800	User800	M	123-456-7890	user800@example.com
801	User801	M	123-456-7890	user801@example.com
802	User802	M	123-456-7890	user802@example.com
803	User803	M	123-456-7890	user803@example.com
804	User804	M	123-456-7890	user804@example.com
805	User805	M	123-456-7890	user805@example.com
806	User806	M	123-456-7890	user806@example.com
807	User807	M	123-456-7890	user807@example.com
808	User808	M	123-456-7890	user808@example.com
809	User809	M	123-456-7890	user809@example.com
810	User810	M	123-456-7890	user810@example.com
811	User811	M	123-456-7890	user811@example.com
812	User812	M	123-456-7890	user812@example.com
813	User813	M	123-456-7890	user813@example.com
814	User814	M	123-456-7890	user814@example.com
815	User815	M	123-456-7890	user815@example.com
816	User816	M	123-456-7890	user816@example.com
817	User817	M	123-456-7890	user817@example.com
818	User818	M	123-456-7890	user818@example.com
819	User819	M	123-456-7890	user819@example.com
820	User820	M	123-456-7890	user820@example.com
821	User821	M	123-456-7890	user821@example.com
822	User822	M	123-456-7890	user822@example.com
823	User823	M	123-456-7890	user823@example.com
824	User824	M	123-456-7890	user824@example.com
825	User825	M	123-456-7890	user825@example.com
826	User826	M	123-456-7890	user826@example.com
827	User827	M	123-456-7890	user827@example.com
828	User828	M	123-456-7890	user828@example.com
829	User829	M	123-456-7890	user829@example.com
830	User830	M	123-456-7890	user830@example.com
831	User831	M	123-456-7890	user831@example.com
832	User832	M	123-456-7890	user832@example.com
833	User833	M	123-456-7890	user833@example.com
834	User834	M	123-456-7890	user834@example.com
835	User835	M	123-456-7890	user835@example.com
836	User836	M	123-456-7890	user836@example.com
837	User837	M	123-456-7890	user837@example.com
838	User838	M	123-456-7890	user838@example.com
839	User839	M	123-456-7890	user839@example.com
840	User840	M	123-456-7890	user840@example.com
841	User841	M	123-456-7890	user841@example.com
842	User842	M	123-456-7890	user842@example.com
843	User843	M	123-456-7890	user843@example.com
844	User844	M	123-456-7890	user844@example.com
845	User845	M	123-456-7890	user845@example.com
846	User846	M	123-456-7890	user846@example.com
847	User847	M	123-456-7890	user847@example.com
848	User848	M	123-456-7890	user848@example.com
849	User849	M	123-456-7890	user849@example.com
850	User850	M	123-456-7890	user850@example.com
851	User851	M	123-456-7890	user851@example.com
852	User852	M	123-456-7890	user852@example.com
853	User853	M	123-456-7890	user853@example.com
854	User854	M	123-456-7890	user854@example.com
855	User855	M	123-456-7890	user855@example.com
856	User856	M	123-456-7890	user856@example.com
857	User857	M	123-456-7890	user857@example.com
858	User858	M	123-456-7890	user858@example.com
859	User859	M	123-456-7890	user859@example.com
860	User860	M	123-456-7890	user860@example.com
861	User861	M	123-456-7890	user861@example.com
862	User862	M	123-456-7890	user862@example.com
863	User863	M	123-456-7890	user863@example.com
864	User864	M	123-456-7890	user864@example.com
865	User865	M	123-456-7890	user865@example.com
866	User866	M	123-456-7890	user866@example.com
867	User867	M	123-456-7890	user867@example.com
868	User868	M	123-456-7890	user868@example.com
869	User869	M	123-456-7890	user869@example.com
870	User870	M	123-456-7890	user870@example.com
871	User871	M	123-456-7890	user871@example.com
872	User872	M	123-456-7890	user872@example.com
873	User873	M	123-456-7890	user873@example.com
874	User874	M	123-456-7890	user874@example.com
875	User875	M	123-456-7890	user875@example.com
876	User876	M	123-456-7890	user876@example.com
877	User877	M	123-456-7890	user877@example.com
878	User878	M	123-456-7890	user878@example.com
879	User879	M	123-456-7890	user879@example.com
880	User880	M	123-456-7890	user880@example.com
881	User881	M	123-456-7890	user881@example.com
882	User882	M	123-456-7890	user882@example.com
883	User883	M	123-456-7890	user883@example.com
884	User884	M	123-456-7890	user884@example.com
885	User885	M	123-456-7890	user885@example.com
886	User886	M	123-456-7890	user886@example.com
887	User887	M	123-456-7890	user887@example.com
888	User888	M	123-456-7890	user888@example.com
889	User889	M	123-456-7890	user889@example.com
890	User890	M	123-456-7890	user890@example.com
891	User891	M	123-456-7890	user891@example.com
892	User892	M	123-456-7890	user892@example.com
893	User893	M	123-456-7890	user893@example.com
894	User894	M	123-456-7890	user894@example.com
895	User895	M	123-456-7890	user895@example.com
896	User896	M	123-456-7890	user896@example.com
897	User897	M	123-456-7890	user897@example.com
898	User898	M	123-456-7890	user898@example.com
899	User899	M	123-456-7890	user899@example.com
900	User900	M	123-456-7890	user900@example.com
901	User901	M	123-456-7890	user901@example.com
902	User902	M	123-456-7890	user902@example.com
903	User903	M	123-456-7890	user903@example.com
904	User904	M	123-456-7890	user904@example.com
905	User905	M	123-456-7890	user905@example.com
906	User906	M	123-456-7890	user906@example.com
907	User907	M	123-456-7890	user907@example.com
908	User908	M	123-456-7890	user908@example.com
909	User909	M	123-456-7890	user909@example.com
910	User910	M	123-456-7890	user910@example.com
911	User911	M	123-456-7890	user911@example.com
912	User912	M	123-456-7890	user912@example.com
913	User913	M	123-456-7890	user913@example.com
914	User914	M	123-456-7890	user914@example.com
915	User915	M	123-456-7890	user915@example.com
916	User916	M	123-456-7890	user916@example.com
917	User917	M	123-456-7890	user917@example.com
918	User918	M	123-456-7890	user918@example.com
919	User919	M	123-456-7890	user919@example.com
920	User920	M	123-456-7890	user920@example.com
921	User921	M	123-456-7890	user921@example.com
922	User922	M	123-456-7890	user922@example.com
923	User923	M	123-456-7890	user923@example.com
924	User924	M	123-456-7890	user924@example.com
925	User925	M	123-456-7890	user925@example.com
926	User926	M	123-456-7890	user926@example.com
927	User927	M	123-456-7890	user927@example.com
928	User928	M	123-456-7890	user928@example.com
929	User929	M	123-456-7890	user929@example.com
930	User930	M	123-456-7890	user930@example.com
931	User931	M	123-456-7890	user931@example.com
932	User932	M	123-456-7890	user932@example.com
933	User933	M	123-456-7890	user933@example.com
934	User934	M	123-456-7890	user934@example.com
935	User935	M	123-456-7890	user935@example.com
936	User936	M	123-456-7890	user936@example.com
937	User937	M	123-456-7890	user937@example.com
938	User938	M	123-456-7890	user938@example.com
939	User939	M	123-456-7890	user939@example.com
940	User940	M	123-456-7890	user940@example.com
941	User941	M	123-456-7890	user941@example.com
942	User942	M	123-456-7890	user942@example.com
943	User943	M	123-456-7890	user943@example.com
944	User944	M	123-456-7890	user944@example.com
945	User945	M	123-456-7890	user945@example.com
946	User946	M	123-456-7890	user946@example.com
947	User947	M	123-456-7890	user947@example.com
948	User948	M	123-456-7890	user948@example.com
949	User949	M	123-456-7890	user949@example.com
950	User950	M	123-456-7890	user950@example.com
951	User951	M	123-456-7890	user951@example.com
952	User952	M	123-456-7890	user952@example.com
953	User953	M	123-456-7890	user953@example.com
954	User954	M	123-456-7890	user954@example.com
955	User955	M	123-456-7890	user955@example.com
956	User956	M	123-456-7890	user956@example.com
957	User957	M	123-456-7890	user957@example.com
958	User958	M	123-456-7890	user958@example.com
959	User959	M	123-456-7890	user959@example.com
960	User960	M	123-456-7890	user960@example.com
961	User961	M	123-456-7890	user961@example.com
962	User962	M	123-456-7890	user962@example.com
963	User963	M	123-456-7890	user963@example.com
964	User964	M	123-456-7890	user964@example.com
965	User965	M	123-456-7890	user965@example.com
966	User966	M	123-456-7890	user966@example.com
967	User967	M	123-456-7890	user967@example.com
968	User968	M	123-456-7890	user968@example.com
969	User969	M	123-456-7890	user969@example.com
970	User970	M	123-456-7890	user970@example.com
971	User971	M	123-456-7890	user971@example.com
972	User972	M	123-456-7890	user972@example.com
973	User973	M	123-456-7890	user973@example.com
974	User974	M	123-456-7890	user974@example.com
975	User975	M	123-456-7890	user975@example.com
976	User976	M	123-456-7890	user976@example.com
977	User977	M	123-456-7890	user977@example.com
978	User978	M	123-456-7890	user978@example.com
979	User979	M	123-456-7890	user979@example.com
980	User980	M	123-456-7890	user980@example.com
981	User981	M	123-456-7890	user981@example.com
982	User982	M	123-456-7890	user982@example.com
983	User983	M	123-456-7890	user983@example.com
984	User984	M	123-456-7890	user984@example.com
985	User985	M	123-456-7890	user985@example.com
986	User986	M	123-456-7890	user986@example.com
987	User987	M	123-456-7890	user987@example.com
988	User988	M	123-456-7890	user988@example.com
989	User989	M	123-456-7890	user989@example.com
990	User990	M	123-456-7890	user990@example.com
991	User991	M	123-456-7890	user991@example.com
992	User992	M	123-456-7890	user992@example.com
993	User993	M	123-456-7890	user993@example.com
994	User994	M	123-456-7890	user994@example.com
995	User995	M	123-456-7890	user995@example.com
996	User996	M	123-456-7890	user996@example.com
997	User997	M	123-456-7890	user997@example.com
998	User998	M	123-456-7890	user998@example.com
999	User999	M	123-456-7890	user999@example.com
1000	User1000	M	123-456-7890	user1000@example.com
1001	abel	M	972XXX296	abel@gmail.com
1002	shelly	F	980XXX422	shelly@gmail.com
1003	chung	M	8XXXXXXXX	chung@gmail.com
\.


--
-- Name: account_cred_his_his_id_seq; Type: SEQUENCE SET; Schema: public; Owner: postgres
--

SELECT pg_catalog.setval('public.account_cred_his_his_id_seq', 1, false);


--
-- Name: account_info_trans_history_trans_id_seq; Type: SEQUENCE SET; Schema: public; Owner: postgres
--

SELECT pg_catalog.setval('public.account_info_trans_history_trans_id_seq', 1, false);


--
-- Name: account_information_account_id_seq; Type: SEQUENCE SET; Schema: public; Owner: postgres
--

SELECT pg_catalog.setval('public.account_information_account_id_seq', 1002, true);


--
-- Name: bankbranches_bank_id_seq; Type: SEQUENCE SET; Schema: public; Owner: postgres
--

SELECT pg_catalog.setval('public.bankbranches_bank_id_seq', 22, true);


--
-- Name: marketsurvey_survey_id_seq; Type: SEQUENCE SET; Schema: public; Owner: postgres
--

SELECT pg_catalog.setval('public.marketsurvey_survey_id_seq', 11, true);


--
-- Name: user_information_user_id_seq; Type: SEQUENCE SET; Schema: public; Owner: postgres
--

SELECT pg_catalog.setval('public.user_information_user_id_seq', 1003, true);


--
-- Name: account_cred_his account_cred_his_pkey; Type: CONSTRAINT; Schema: public; Owner: postgres
--

ALTER TABLE ONLY public.account_cred_his
    ADD CONSTRAINT account_cred_his_pkey PRIMARY KEY (his_id);


--
-- Name: account_info_trans_history account_info_trans_history_pkey; Type: CONSTRAINT; Schema: public; Owner: postgres
--

ALTER TABLE ONLY public.account_info_trans_history
    ADD CONSTRAINT account_info_trans_history_pkey PRIMARY KEY (trans_id);


--
-- Name: account_information account_information_pkey; Type: CONSTRAINT; Schema: public; Owner: postgres
--

ALTER TABLE ONLY public.account_information
    ADD CONSTRAINT account_information_pkey PRIMARY KEY (account_id);


--
-- Name: bankbranches bankbranches_pkey; Type: CONSTRAINT; Schema: public; Owner: postgres
--

ALTER TABLE ONLY public.bankbranches
    ADD CONSTRAINT bankbranches_pkey PRIMARY KEY (bank_id, bank_region);


--
-- Name: bankbranches_default bankbranches_default_pkey; Type: CONSTRAINT; Schema: public; Owner: postgres
--

ALTER TABLE ONLY public.bankbranches_default
    ADD CONSTRAINT bankbranches_default_pkey PRIMARY KEY (bank_id, bank_region);


--
-- Name: bankbranches_north bankbranches_north_pkey; Type: CONSTRAINT; Schema: public; Owner: postgres
--

ALTER TABLE ONLY public.bankbranches_north
    ADD CONSTRAINT bankbranches_north_pkey PRIMARY KEY (bank_id, bank_region);


--
-- Name: bankbranches_south bankbranches_south_pkey; Type: CONSTRAINT; Schema: public; Owner: postgres
--

ALTER TABLE ONLY public.bankbranches_south
    ADD CONSTRAINT bankbranches_south_pkey PRIMARY KEY (bank_id, bank_region);


--
-- Name: marketsurvey marketsurvey_pkey; Type: CONSTRAINT; Schema: public; Owner: postgres
--

ALTER TABLE ONLY public.marketsurvey
    ADD CONSTRAINT marketsurvey_pkey PRIMARY KEY (survey_id);


--
-- Name: user_information user_information_pkey; Type: CONSTRAINT; Schema: public; Owner: postgres
--

ALTER TABLE ONLY public.user_information
    ADD CONSTRAINT user_information_pkey PRIMARY KEY (user_id);


--
-- Name: account_index; Type: INDEX; Schema: public; Owner: postgres
--

CREATE INDEX account_index ON public.account_information USING btree (account_id) INCLUDE (balance);


--
-- Name: bankbranches_default_pkey; Type: INDEX ATTACH; Schema: public; Owner: postgres
--

ALTER INDEX public.bankbranches_pkey ATTACH PARTITION public.bankbranches_default_pkey;


--
-- Name: bankbranches_north_pkey; Type: INDEX ATTACH; Schema: public; Owner: postgres
--

ALTER INDEX public.bankbranches_pkey ATTACH PARTITION public.bankbranches_north_pkey;


--
-- Name: bankbranches_south_pkey; Type: INDEX ATTACH; Schema: public; Owner: postgres
--

ALTER INDEX public.bankbranches_pkey ATTACH PARTITION public.bankbranches_south_pkey;


--
-- Name: account_credentials account_cred_tg; Type: TRIGGER; Schema: public; Owner: postgres
--

CREATE TRIGGER account_cred_tg AFTER UPDATE OF password ON public.account_credentials FOR EACH ROW EXECUTE FUNCTION public.account_cred_tg_fn();


--
-- Name: account_credentials account_credentials_account_id_fkey; Type: FK CONSTRAINT; Schema: public; Owner: postgres
--

ALTER TABLE ONLY public.account_credentials
    ADD CONSTRAINT account_credentials_account_id_fkey FOREIGN KEY (account_id) REFERENCES public.account_information(account_id);


--
-- Name: account_info_trans_history account_info_trans_history_trans_sourceid_fkey; Type: FK CONSTRAINT; Schema: public; Owner: postgres
--

ALTER TABLE ONLY public.account_info_trans_history
    ADD CONSTRAINT account_info_trans_history_trans_sourceid_fkey FOREIGN KEY (trans_sourceid) REFERENCES public.account_information(account_id);


--
-- Name: account_info_trans_history account_info_trans_history_trans_targetid_fkey; Type: FK CONSTRAINT; Schema: public; Owner: postgres
--

ALTER TABLE ONLY public.account_info_trans_history
    ADD CONSTRAINT account_info_trans_history_trans_targetid_fkey FOREIGN KEY (trans_targetid) REFERENCES public.account_information(account_id);


--
-- Name: account_information account_information_bank_id_bank_region_fkey; Type: FK CONSTRAINT; Schema: public; Owner: postgres
--

ALTER TABLE ONLY public.account_information
    ADD CONSTRAINT account_information_bank_id_bank_region_fkey FOREIGN KEY (bank_id, bank_region) REFERENCES public.bankbranches(bank_id, bank_region) MATCH FULL;


--
-- Name: account_information account_information_user_id_fkey; Type: FK CONSTRAINT; Schema: public; Owner: postgres
--

ALTER TABLE ONLY public.account_information
    ADD CONSTRAINT account_information_user_id_fkey FOREIGN KEY (user_id) REFERENCES public.user_information(user_id);


--
-- Name: account_credentials account_cred_policy; Type: POLICY; Schema: public; Owner: postgres
--

CREATE POLICY account_cred_policy ON public.account_credentials USING ((CURRENT_USER = 'postgres'::name));


--
-- Name: account_credentials; Type: ROW SECURITY; Schema: public; Owner: postgres
--

ALTER TABLE public.account_credentials ENABLE ROW LEVEL SECURITY;

--
-- Name: SCHEMA public; Type: ACL; Schema: -; Owner: pg_database_owner
--

GRANT ALL ON SCHEMA public TO chung;


--
-- Name: TABLE account_cred_his; Type: ACL; Schema: public; Owner: postgres
--

GRANT ALL ON TABLE public.account_cred_his TO chung;


--
-- Name: SEQUENCE account_cred_his_his_id_seq; Type: ACL; Schema: public; Owner: postgres
--

GRANT ALL ON SEQUENCE public.account_cred_his_his_id_seq TO chung;


--
-- Name: TABLE account_credentials; Type: ACL; Schema: public; Owner: postgres
--

GRANT ALL ON TABLE public.account_credentials TO chung;


--
-- Name: TABLE account_info_trans_history; Type: ACL; Schema: public; Owner: postgres
--

GRANT ALL ON TABLE public.account_info_trans_history TO chung;


--
-- Name: SEQUENCE account_info_trans_history_trans_id_seq; Type: ACL; Schema: public; Owner: postgres
--

GRANT ALL ON SEQUENCE public.account_info_trans_history_trans_id_seq TO chung;


--
-- Name: TABLE account_information; Type: ACL; Schema: public; Owner: postgres
--

GRANT ALL ON TABLE public.account_information TO chung;


--
-- Name: SEQUENCE account_information_account_id_seq; Type: ACL; Schema: public; Owner: postgres
--

GRANT ALL ON SEQUENCE public.account_information_account_id_seq TO chung;


--
-- Name: TABLE bankbranches; Type: ACL; Schema: public; Owner: postgres
--

GRANT ALL ON TABLE public.bankbranches TO chung;


--
-- Name: TABLE user_information; Type: ACL; Schema: public; Owner: postgres
--

GRANT ALL ON TABLE public.user_information TO chung;


--
-- Name: TABLE account_view; Type: ACL; Schema: public; Owner: postgres
--

GRANT ALL ON TABLE public.account_view TO chung;


--
-- Name: SEQUENCE bankbranches_bank_id_seq; Type: ACL; Schema: public; Owner: postgres
--

GRANT ALL ON SEQUENCE public.bankbranches_bank_id_seq TO chung;


--
-- Name: TABLE bankbranches_default; Type: ACL; Schema: public; Owner: postgres
--

GRANT ALL ON TABLE public.bankbranches_default TO chung;


--
-- Name: TABLE bankbranches_north; Type: ACL; Schema: public; Owner: postgres
--

GRANT ALL ON TABLE public.bankbranches_north TO chung;


--
-- Name: TABLE bankbranches_south; Type: ACL; Schema: public; Owner: postgres
--

GRANT ALL ON TABLE public.bankbranches_south TO chung;


--
-- Name: TABLE marketsurvey; Type: ACL; Schema: public; Owner: postgres
--

GRANT ALL ON TABLE public.marketsurvey TO chung;


--
-- Name: SEQUENCE marketsurvey_survey_id_seq; Type: ACL; Schema: public; Owner: postgres
--

GRANT ALL ON SEQUENCE public.marketsurvey_survey_id_seq TO chung;


--
-- Name: SEQUENCE user_information_user_id_seq; Type: ACL; Schema: public; Owner: postgres
--

GRANT ALL ON SEQUENCE public.user_information_user_id_seq TO chung;


--
-- PostgreSQL database dump complete
--

--
-- PostgreSQL database cluster dump complete
--

