--
-- PostgreSQL database cluster dump
--

SET default_transaction_read_only = off;

SET client_encoding = 'UTF8';
SET standard_conforming_strings = on;

--
-- Roles
--

CREATE ROLE chung;
ALTER ROLE chung WITH NOSUPERUSER INHERIT NOCREATEROLE NOCREATEDB LOGIN NOREPLICATION NOBYPASSRLS PASSWORD 'SCRAM-SHA-256$4096:+p6Sx4qNPflPuR9Qa626Vw==$QOJGVGbdtqo60A3JY82P459CsMzKF+rTjhLchQHfPec=:Zc44Ezo4GbA2ztnuVOWRVTnvKrf3Hh6SsnttXNsFUwU=';
CREATE ROLE postgres;
ALTER ROLE postgres WITH SUPERUSER INHERIT CREATEROLE CREATEDB LOGIN REPLICATION BYPASSRLS PASSWORD 'SCRAM-SHA-256$4096:YmLCKSW0LdTtrVXqfnvepw==$+3Lr7J68xz9i9NgzsSVIdxxH41xUbBgwN1JXOW8EEKI=:bSaCx8enI2Eu7mqq1rLYq2uj0kE5YFRWtLk8bSTHnuw=';
CREATE ROLE replication;
ALTER ROLE replication WITH NOSUPERUSER INHERIT NOCREATEROLE NOCREATEDB LOGIN REPLICATION NOBYPASSRLS PASSWORD 'SCRAM-SHA-256$4096:L6RfPQbtEkTWaYl+guwsjQ==$cUiZMQoeDhNNK9L5U9q5PHmlqm++P9zbUGbHhHFVZPI=:1IQGminF8D5KqnTf2QXSBVaJIlTGFx5yirObjoM2nC4=';

--
-- User Configurations
--








--
-- Databases
--

--
-- Database "template1" dump
--

\connect template1

--
-- PostgreSQL database dump
--

-- Dumped from database version 16.3 (Debian 16.3-1.pgdg120+1)
-- Dumped by pg_dump version 16.3 (Debian 16.3-1.pgdg120+1)

SET statement_timeout = 0;
SET lock_timeout = 0;
SET idle_in_transaction_session_timeout = 0;
SET client_encoding = 'UTF8';
SET standard_conforming_strings = on;
SELECT pg_catalog.set_config('search_path', '', false);
SET check_function_bodies = false;
SET xmloption = content;
SET client_min_messages = warning;
SET row_security = off;

--
-- PostgreSQL database dump complete
--

--
-- Database "postgres" dump
--

\connect postgres

--
-- PostgreSQL database dump
--

-- Dumped from database version 16.3 (Debian 16.3-1.pgdg120+1)
-- Dumped by pg_dump version 16.3 (Debian 16.3-1.pgdg120+1)

SET statement_timeout = 0;
SET lock_timeout = 0;
SET idle_in_transaction_session_timeout = 0;
SET client_encoding = 'UTF8';
SET standard_conforming_strings = on;
SELECT pg_catalog.set_config('search_path', '', false);
SET check_function_bodies = false;
SET xmloption = content;
SET client_min_messages = warning;
SET row_security = off;

--
-- Name: bank_region; Type: TYPE; Schema: public; Owner: postgres
--

CREATE TYPE public.bank_region AS ENUM (
    'north',
    'south',
    'unknown'
);


ALTER TYPE public.bank_region OWNER TO postgres;

--
-- Name: payby; Type: TYPE; Schema: public; Owner: postgres
--

CREATE TYPE public.payby AS ENUM (
    'credit card',
    'debit card',
    'cash',
    'transfer'
);


ALTER TYPE public.payby OWNER TO postgres;

--
-- Name: account_cred_tg_fn(); Type: FUNCTION; Schema: public; Owner: postgres
--

CREATE FUNCTION public.account_cred_tg_fn() RETURNS trigger
    LANGUAGE plpgsql
    AS $$
BEGIN
INSERT INTO account_cred_his(old_password, new_password) 
VALUES(OLD.password, NEW.password);
RETURN NEW;
END $$;


ALTER FUNCTION public.account_cred_tg_fn() OWNER TO postgres;

--
-- Name: transfer_funds(integer, integer, numeric, character varying, public.payby); Type: PROCEDURE; Schema: public; Owner: postgres
--

CREATE PROCEDURE public.transfer_funds(IN m_from integer, IN m_to integer, IN amount numeric, IN reason character varying DEFAULT NULL::character varying, IN method public.payby DEFAULT 'cash'::public.payby)
    LANGUAGE plpgsql
    AS $$
DECLARE
account_num int;
BEGIN
  select count(*) into account_num from account_information where account_id in (m_from, m_to);
  if account_num = 2 then 
    raise notice 'both account exist, transaction starting...';
    update account_information set balance=balance - amount where account_id = m_from;
    update account_information set balance=balance + amount where account_id = m_to;
    insert into account_info_trans_history(trans_sourceid,trans_amount,trans_targetid, trans_reason, trans_method) 
    values(m_from,amount,m_to, reason, method);
        
  else 
    raise exception 'One of the accounts does not exist';
    
  end if;
END$$;


ALTER PROCEDURE public.transfer_funds(IN m_from integer, IN m_to integer, IN amount numeric, IN reason character varying, IN method public.payby) OWNER TO postgres;

SET default_tablespace = '';

SET default_table_access_method = heap;

--
-- Name: account_cred_his; Type: TABLE; Schema: public; Owner: postgres
--

CREATE TABLE public.account_cred_his (
    his_id integer NOT NULL,
    his_time timestamp without time zone DEFAULT CURRENT_TIMESTAMP,
    old_password character varying(50),
    new_password character varying(50)
);


ALTER TABLE public.account_cred_his OWNER TO postgres;

--
-- Name: account_cred_his_his_id_seq; Type: SEQUENCE; Schema: public; Owner: postgres
--

CREATE SEQUENCE public.account_cred_his_his_id_seq
    AS integer
    START WITH 1
    INCREMENT BY 1
    NO MINVALUE
    NO MAXVALUE
    CACHE 1;


ALTER SEQUENCE public.account_cred_his_his_id_seq OWNER TO postgres;

--
-- Name: account_cred_his_his_id_seq; Type: SEQUENCE OWNED BY; Schema: public; Owner: postgres
--

ALTER SEQUENCE public.account_cred_his_his_id_seq OWNED BY public.account_cred_his.his_id;


--
-- Name: account_credentials; Type: TABLE; Schema: public; Owner: postgres
--

CREATE TABLE public.account_credentials (
    account_id integer,
    password character varying(50) NOT NULL
);


ALTER TABLE public.account_credentials OWNER TO postgres;

--
-- Name: account_info_trans_history; Type: TABLE; Schema: public; Owner: postgres
--

CREATE TABLE public.account_info_trans_history (
    trans_id integer NOT NULL,
    trans_time timestamp without time zone DEFAULT CURRENT_TIMESTAMP,
    trans_sourceid integer NOT NULL,
    trans_amount numeric(15,2) NOT NULL,
    trans_targetid integer NOT NULL,
    trans_reason character varying(30),
    trans_method public.payby
);


ALTER TABLE public.account_info_trans_history OWNER TO postgres;

--
-- Name: account_info_trans_history_trans_id_seq; Type: SEQUENCE; Schema: public; Owner: postgres
--

CREATE SEQUENCE public.account_info_trans_history_trans_id_seq
    AS integer
    START WITH 1
    INCREMENT BY 1
    NO MINVALUE
    NO MAXVALUE
    CACHE 1;


ALTER SEQUENCE public.account_info_trans_history_trans_id_seq OWNER TO postgres;

--
-- Name: account_info_trans_history_trans_id_seq; Type: SEQUENCE OWNED BY; Schema: public; Owner: postgres
--

ALTER SEQUENCE public.account_info_trans_history_trans_id_seq OWNED BY public.account_info_trans_history.trans_id;


--
-- Name: account_information; Type: TABLE; Schema: public; Owner: postgres
--

CREATE TABLE public.account_information (
    account_id integer NOT NULL,
    user_id integer,
    bank_id integer,
    bank_region public.bank_region,
    balance numeric(15,2),
    opendate date
);


ALTER TABLE public.account_information OWNER TO postgres;

--
-- Name: account_information_account_id_seq; Type: SEQUENCE; Schema: public; Owner: postgres
--

CREATE SEQUENCE public.account_information_account_id_seq
    AS integer
    START WITH 1
    INCREMENT BY 1
    NO MINVALUE
    NO MAXVALUE
    CACHE 1;


ALTER SEQUENCE public.account_information_account_id_seq OWNER TO postgres;

--
-- Name: account_information_account_id_seq; Type: SEQUENCE OWNED BY; Schema: public; Owner: postgres
--

ALTER SEQUENCE public.account_information_account_id_seq OWNED BY public.account_information.account_id;


--
-- Name: bankbranches; Type: TABLE; Schema: public; Owner: postgres
--

CREATE TABLE public.bankbranches (
    bank_id integer NOT NULL,
    bank_region public.bank_region NOT NULL,
    bank_name character varying(20) NOT NULL,
    account_num integer NOT NULL,
    total_funds numeric(15,2) NOT NULL
)
PARTITION BY LIST (bank_region);


ALTER TABLE public.bankbranches OWNER TO postgres;

--
-- Name: user_information; Type: TABLE; Schema: public; Owner: postgres
--

CREATE TABLE public.user_information (
    user_id integer NOT NULL,
    name character varying(100) NOT NULL,
    gender character(1),
    phone character varying(15),
    email character varying(100)
);


ALTER TABLE public.user_information OWNER TO postgres;

--
-- Name: account_view; Type: VIEW; Schema: public; Owner: postgres
--

CREATE VIEW public.account_view AS
 SELECT ui.name,
    bb.bank_name,
    ai.balance
   FROM ((public.user_information ui
     JOIN public.account_information ai ON ((ai.user_id = ui.user_id)))
     JOIN public.bankbranches bb ON ((bb.bank_id = ai.bank_id)));


ALTER VIEW public.account_view OWNER TO postgres;

--
-- Name: bankbranches_bank_id_seq; Type: SEQUENCE; Schema: public; Owner: postgres
--

CREATE SEQUENCE public.bankbranches_bank_id_seq
    AS integer
    START WITH 1
    INCREMENT BY 1
    NO MINVALUE
    NO MAXVALUE
    CACHE 1;


ALTER SEQUENCE public.bankbranches_bank_id_seq OWNER TO postgres;

--
-- Name: bankbranches_bank_id_seq; Type: SEQUENCE OWNED BY; Schema: public; Owner: postgres
--

ALTER SEQUENCE public.bankbranches_bank_id_seq OWNED BY public.bankbranches.bank_id;


--
-- Name: bankbranches_default; Type: TABLE; Schema: public; Owner: postgres
--

CREATE TABLE public.bankbranches_default (
    bank_id integer DEFAULT nextval('public.bankbranches_bank_id_seq'::regclass) NOT NULL,
    bank_region public.bank_region NOT NULL,
    bank_name character varying(20) NOT NULL,
    account_num integer NOT NULL,
    total_funds numeric(15,2) NOT NULL
);


ALTER TABLE public.bankbranches_default OWNER TO postgres;

--
-- Name: bankbranches_north; Type: TABLE; Schema: public; Owner: postgres
--

CREATE TABLE public.bankbranches_north (
    bank_id integer DEFAULT nextval('public.bankbranches_bank_id_seq'::regclass) NOT NULL,
    bank_region public.bank_region NOT NULL,
    bank_name character varying(20) NOT NULL,
    account_num integer NOT NULL,
    total_funds numeric(15,2) NOT NULL
);


ALTER TABLE public.bankbranches_north OWNER TO postgres;

--
-- Name: bankbranches_south; Type: TABLE; Schema: public; Owner: postgres
--

CREATE TABLE public.bankbranches_south (
    bank_id integer DEFAULT nextval('public.bankbranches_bank_id_seq'::regclass) NOT NULL,
    bank_region public.bank_region NOT NULL,
    bank_name character varying(20) NOT NULL,
    account_num integer NOT NULL,
    total_funds numeric(15,2) NOT NULL
);


ALTER TABLE public.bankbranches_south OWNER TO postgres;

--
-- Name: marketsurvey; Type: TABLE; Schema: public; Owner: postgres
--

CREATE TABLE public.marketsurvey (
    survey_id integer NOT NULL,
    survey_title character varying(30) NOT NULL,
    survey_des character varying(200),
    survey_response jsonb
);


ALTER TABLE public.marketsurvey OWNER TO postgres;

--
-- Name: marketsurvey_survey_id_seq; Type: SEQUENCE; Schema: public; Owner: postgres
--

CREATE SEQUENCE public.marketsurvey_survey_id_seq
    AS integer
    START WITH 1
    INCREMENT BY 1
    NO MINVALUE
    NO MAXVALUE
    CACHE 1;


ALTER SEQUENCE public.marketsurvey_survey_id_seq OWNER TO postgres;

--
-- Name: marketsurvey_survey_id_seq; Type: SEQUENCE OWNED BY; Schema: public; Owner: postgres
--

ALTER SEQUENCE public.marketsurvey_survey_id_seq OWNED BY public.marketsurvey.survey_id;


--
-- Name: user_information_user_id_seq; Type: SEQUENCE; Schema: public; Owner: postgres
--

CREATE SEQUENCE public.user_information_user_id_seq
    AS integer
    START WITH 1
    INCREMENT BY 1
    NO MINVALUE
    NO MAXVALUE
    CACHE 1;


ALTER SEQUENCE public.user_information_user_id_seq OWNER TO postgres;

--
-- Name: user_information_user_id_seq; Type: SEQUENCE OWNED BY; Schema: public; Owner: postgres
--

ALTER SEQUENCE public.user_information_user_id_seq OWNED BY public.user_information.user_id;


--
-- Name: bankbranches_default; Type: TABLE ATTACH; Schema: public; Owner: postgres
--

ALTER TABLE ONLY public.bankbranches ATTACH PARTITION public.bankbranches_default DEFAULT;


--
-- Name: bankbranches_north; Type: TABLE ATTACH; Schema: public; Owner: postgres
--

ALTER TABLE ONLY public.bankbranches ATTACH PARTITION public.bankbranches_north FOR VALUES IN ('north');


--
-- Name: bankbranches_south; Type: TABLE ATTACH; Schema: public; Owner: postgres
--

ALTER TABLE ONLY public.bankbranches ATTACH PARTITION public.bankbranches_south FOR VALUES IN ('south');


--
-- Name: account_cred_his his_id; Type: DEFAULT; Schema: public; Owner: postgres
--

ALTER TABLE ONLY public.account_cred_his ALTER COLUMN his_id SET DEFAULT nextval('public.account_cred_his_his_id_seq'::regclass);


--
-- Name: account_info_trans_history trans_id; Type: DEFAULT; Schema: public; Owner: postgres
--

ALTER TABLE ONLY public.account_info_trans_history ALTER COLUMN trans_id SET DEFAULT nextval('public.account_info_trans_history_trans_id_seq'::regclass);


--
-- Name: account_information account_id; Type: DEFAULT; Schema: public; Owner: postgres
--

ALTER TABLE ONLY public.account_information ALTER COLUMN account_id SET DEFAULT nextval('public.account_information_account_id_seq'::regclass);


--
-- Name: bankbranches bank_id; Type: DEFAULT; Schema: public; Owner: postgres
--

ALTER TABLE ONLY public.bankbranches ALTER COLUMN bank_id SET DEFAULT nextval('public.bankbranches_bank_id_seq'::regclass);


--
-- Name: marketsurvey survey_id; Type: DEFAULT; Schema: public; Owner: postgres
--

ALTER TABLE ONLY public.marketsurvey ALTER COLUMN survey_id SET DEFAULT nextval('public.marketsurvey_survey_id_seq'::regclass);


--
-- Name: user_information user_id; Type: DEFAULT; Schema: public; Owner: postgres
--

ALTER TABLE ONLY public.user_information ALTER COLUMN user_id SET DEFAULT nextval('public.user_information_user_id_seq'::regclass);


--
-- Data for Name: account_cred_his; Type: TABLE DATA; Schema: public; Owner: postgres
--

COPY public.account_cred_his (his_id, his_time, old_password, new_password) FROM stdin;
\.


--
-- Data for Name: account_credentials; Type: TABLE DATA; Schema: public; Owner: postgres
--

COPY public.account_credentials (account_id, password) FROM stdin;
1	3622
2	4023
3	6670
4	4012
5	5702
6	1067
7	3513
8	6633
9	1292
10	1147
11	8870
12	5801
13	8388
14	1006
15	7860
16	9219
17	5672
18	8886
19	1703
20	2205
21	8946
22	6552
23	6298
24	0191
25	2366
26	9515
27	6133
28	1339
29	4831
30	7930
31	5135
32	2574
33	5058
34	0111
35	3199
36	6236
37	2352
38	6253
39	1353
40	3537
41	7640
42	3814
43	6941
44	3079
45	5524
46	1899
47	3656
48	0349
49	7957
50	7957
51	7201
52	4406
53	1801
54	8515
55	7822
56	7521
57	3569
58	3226
59	0977
60	0293
61	4515
62	8389
63	2623
64	3662
65	3399
66	7564
67	1711
68	8340
69	9961
70	9324
71	5615
72	8057
73	1364
74	4791
75	4609
76	3020
77	6405
78	6534
79	0057
80	6803
81	2106
82	6021
83	4394
84	3919
85	2043
86	4802
87	4665
88	6334
89	3536
90	7537
91	3004
92	7762
93	6845
94	2430
95	0934
96	4421
97	0486
98	0566
99	6826
100	4807
101	1286
102	0116
103	7577
104	8622
105	2468
106	9183
107	5068
108	4212
109	8445
110	0295
111	2351
112	0141
113	7465
114	3522
115	1590
116	9296
117	4882
118	0066
119	4901
120	5452
121	7029
122	2218
123	0553
124	5454
125	1979
126	4216
127	1878
128	0694
129	3249
130	3218
131	6043
132	6106
133	9440
134	8202
135	0889
136	0651
137	0367
138	7079
139	2106
140	7070
141	5768
142	1731
143	7444
144	8515
145	6355
146	7115
147	2916
148	3485
149	8037
150	4884
151	6243
152	5808
153	4280
154	4807
155	2159
156	3704
157	6481
158	6999
159	2152
160	9837
161	2122
162	8207
163	0474
164	6366
165	9977
166	6780
167	1705
168	7587
169	5291
170	0193
171	2451
172	5495
173	9478
174	2396
175	3093
176	1062
177	3617
178	3998
179	2862
180	4057
181	6761
182	8087
183	3344
184	6018
185	5667
186	8999
187	5099
188	5718
189	4421
190	4119
191	4636
192	3999
193	1138
194	5332
195	7663
196	1810
197	9511
198	4631
199	6057
200	1910
201	0783
202	0884
203	6407
204	7055
205	4193
206	8385
207	9840
208	9343
209	0533
210	0835
211	6449
212	1091
213	8829
214	2739
215	5688
216	2998
217	2744
218	4691
219	1537
220	6005
221	1680
222	0261
223	8902
224	9299
225	4602
226	3280
227	6607
228	6821
229	6282
230	8233
231	1567
232	0400
233	5117
234	0524
235	7511
236	2391
237	9496
238	6558
239	1973
240	0868
241	9765
242	8232
243	2192
244	7691
245	0979
246	7801
247	5858
248	2609
249	8599
250	8018
251	3712
252	5547
253	8824
254	6517
255	8031
256	8086
257	4899
258	9105
259	2722
260	1548
261	4574
262	8419
263	1659
264	4014
265	8678
266	8805
267	2346
268	7234
269	4901
270	0156
271	3571
272	8579
273	2807
274	8072
275	0373
276	1427
277	9047
278	0100
279	4347
280	8285
281	7499
282	0231
283	0940
284	2294
285	1213
286	6310
287	1045
288	3324
289	0010
290	7545
291	5837
292	4126
293	5155
294	2477
295	4571
296	4252
297	2878
298	9193
299	0674
300	6973
301	4100
302	1563
303	3372
304	5269
305	8201
306	3001
307	9794
308	3833
309	3379
310	0760
311	6504
312	3998
313	4525
314	4955
315	4070
316	4727
317	8630
318	2287
319	7765
320	1320
321	2554
322	6417
323	4753
324	8393
325	0604
326	1512
327	6983
328	0397
329	4864
330	1426
331	9772
332	8994
333	4600
334	8039
335	9532
336	6978
337	0813
338	0765
339	7601
340	8627
341	7245
342	2062
343	8531
344	5914
345	5193
346	6098
347	5858
348	5434
349	5648
350	1186
351	2281
352	5288
353	6003
354	1394
355	0629
356	1427
357	0974
358	0021
359	0838
360	5911
361	1665
362	5866
363	7270
364	4096
365	3123
366	7653
367	6328
368	3773
369	7268
370	9443
371	3258
372	6239
373	5536
374	4947
375	2166
376	1717
377	0606
378	3290
379	4636
380	0499
381	1442
382	1311
383	7515
384	6275
385	8047
386	7663
387	2602
388	8696
389	8690
390	6568
391	3602
392	5397
393	1418
394	5882
395	9332
396	7231
397	5899
398	9762
399	3749
400	8425
401	8735
402	8270
403	8091
404	7016
405	5112
406	4333
407	4681
408	4088
409	6323
410	0784
411	3866
412	0394
413	0111
414	7859
415	2310
416	4469
417	9077
418	9169
419	4018
420	1078
421	1673
422	2355
423	1479
424	0570
425	4056
426	9739
427	8963
428	9573
429	4827
430	5788
431	1784
432	5467
433	7383
434	3315
435	5435
436	1844
437	2203
438	4523
439	6332
440	0214
441	3843
442	3253
443	1365
444	7034
445	3221
446	0637
447	0334
448	9931
449	8795
450	6341
451	9087
452	0570
453	6853
454	0881
455	5903
456	7980
457	2239
458	9157
459	0387
460	4419
461	7044
462	6980
463	8061
464	6864
465	5869
466	3875
467	2697
468	6557
469	8408
470	5840
471	4471
472	6095
473	2461
474	7773
475	9775
476	5902
477	4026
478	5236
479	2479
480	9435
481	8460
482	9274
483	8099
484	5502
485	4400
486	9056
487	0513
488	1026
489	8196
490	2928
491	1223
492	8713
493	3208
494	1658
495	6608
496	4636
497	2438
498	5525
499	4238
500	8329
501	6299
502	0700
503	2602
504	4430
505	4747
506	9922
507	5351
508	3636
509	7406
510	4621
511	3846
512	0171
513	0085
514	5798
515	1357
516	1768
517	9399
518	6655
519	4975
520	4778
521	2329
522	8013
523	0429
524	5776
525	1998
526	9065
527	2395
528	2543
529	5215
530	4435
531	4664
532	0521
533	0539
534	9321
535	2448
536	1634
537	7384
538	0436
539	1642
540	3073
541	5640
542	8479
543	9792
544	0328
545	7596
546	4156
547	5405
548	0637
549	7091
550	6225
551	4647
552	1066
553	4643
554	6353
555	3446
556	9201
557	0170
558	1200
559	5388
560	0034
561	0222
562	5273
563	3452
564	7318
565	7784
566	7899
567	0075
568	2452
569	0320
570	7650
571	0468
572	8334
573	5083
574	0867
575	5205
576	3151
577	9756
578	9452
579	7110
580	6931
581	3611
582	3317
583	0115
584	9399
585	8603
586	9308
587	3230
588	7299
589	6830
590	7216
591	5538
592	3870
593	1408
594	1303
595	5911
596	6162
597	7781
598	7374
599	8690
600	9215
601	2729
602	8695
603	5179
604	2211
605	8104
606	0203
607	3168
608	1002
609	7465
610	4656
611	5582
612	2390
613	3321
614	8733
615	4763
616	4496
617	5679
618	5858
619	1046
620	2933
621	4521
622	0668
623	4987
624	3552
625	0884
626	2349
627	1095
628	5515
629	9137
630	6643
631	0743
632	7258
633	7860
634	8921
635	5192
636	2072
637	7298
638	4075
639	6451
640	4948
641	7945
642	1406
643	9334
644	7706
645	6918
646	8657
647	0065
648	4640
649	5823
650	3970
651	1164
652	3769
653	3525
654	3327
655	1000
656	8983
657	3060
658	5882
659	5206
660	5271
661	1250
662	1539
663	9594
664	6132
665	7694
666	4332
667	1459
668	4796
669	1309
670	0034
671	7120
672	3897
673	4023
674	7654
675	7660
676	9912
677	1425
678	4151
679	7676
680	8336
681	4827
682	0748
683	1239
684	5471
685	6123
686	7551
687	6157
688	9559
689	4454
690	5919
691	5873
692	1480
693	2393
694	1086
695	3655
696	0192
697	4674
698	6217
699	4144
700	3984
701	5248
702	9315
703	1621
704	8393
705	5743
706	4532
707	8909
708	7554
709	1284
710	2092
711	6598
712	5291
713	1788
714	6024
715	8911
716	8430
717	2966
718	0257
719	1874
720	0993
721	2294
722	7446
723	3042
724	5010
725	6418
726	4078
727	1634
728	6245
729	0315
730	1567
731	3042
732	3814
733	3505
734	5008
735	2409
736	8721
737	5654
738	6661
739	7849
740	4455
741	1581
742	4157
743	3732
744	6063
745	8834
746	7711
747	7197
748	3213
749	8145
750	9843
751	6565
752	1317
753	1944
754	4534
755	8100
756	9125
757	4421
758	1276
759	6594
760	7407
761	8830
762	7376
763	9558
764	1763
765	9406
766	8258
767	6406
768	9419
769	2584
770	4832
771	0366
772	9202
773	7924
774	4031
775	2224
776	9171
777	4328
778	3689
779	4438
780	3691
781	1876
782	9974
783	1032
784	1699
785	4354
786	9747
787	6390
788	4913
789	9815
790	8081
791	0133
792	1084
793	2553
794	9415
795	0289
796	9178
797	5862
798	8692
799	2386
800	0470
801	1571
802	4903
803	4578
804	1372
805	3304
806	5063
807	0717
808	4595
809	5123
810	0225
811	6380
812	3559
813	1361
814	7267
815	7596
816	6238
817	9466
818	2085
819	9475
820	6175
821	4308
822	4963
823	3451
824	8974
825	8251
826	7343
827	6353
828	5379
829	5657
830	7362
831	9581
832	5049
833	8598
834	6917
835	6453
836	6767
837	5098
838	6374
839	9517
840	5828
841	8863
842	1154
843	8272
844	5934
845	7394
846	9912
847	0376
848	5992
849	0971
850	5165
851	1861
852	8392
853	8175
854	2476
855	5837
856	9174
857	9212
858	1348
859	4931
860	2297
861	6465
862	0333
863	4202
864	7302
865	8908
866	8006
867	9200
868	2534
869	8569
870	4673
871	2099
872	6630
873	1202
874	9921
875	8651
876	1156
877	7237
878	7183
879	1203
880	5291
881	9661
882	7200
883	2525
884	4730
885	9488
886	4824
887	1059
888	1782
889	4931
890	0245
891	9469
892	1046
893	6440
894	0381
895	0751
896	5747
897	5934
898	6046
899	4927
900	0161
901	1628
902	9955
903	1318
904	0521
905	9772
906	8229
907	8973
908	4417
909	4906
910	4420
911	7752
912	7499
913	5883
914	9867
915	8866
916	1948
917	6271
918	4813
919	2292
920	8261
921	6808
922	7450
923	6634
924	3971
925	7122
926	0213
927	8333
928	3286
929	6079
930	7169
931	5191
932	4654
933	1321
934	5606
935	5477
936	1474
937	9240
938	8890
939	3325
940	2709
941	0907
942	0424
943	2815
944	8046
945	0848
946	8364
947	2420
948	8192
949	8169
950	5478
951	7181
952	7237
953	0849
954	4957
955	7668
956	5152
957	5578
958	5920
959	5675
960	1401
961	6973
962	1890
963	1680
964	2693
965	1977
966	9056
967	5408
968	3396
969	7085
970	2671
971	8991
972	2943
973	8964
974	2850
975	4628
976	0478
977	0453
978	8775
979	4996
980	0033
981	1597
982	6212
983	4207
984	1209
985	2623
986	1252
987	7299
988	7073
989	0661
990	7609
991	3762
992	6702
993	3591
994	7668
995	9699
996	5577
997	3376
998	9572
999	4274
1000	0329
1	2222
\.


--
-- Data for Name: account_info_trans_history; Type: TABLE DATA; Schema: public; Owner: postgres
--

COPY public.account_info_trans_history (trans_id, trans_time, trans_sourceid, trans_amount, trans_targetid, trans_reason, trans_method) FROM stdin;
\.


--
-- Data for Name: account_information; Type: TABLE DATA; Schema: public; Owner: postgres
--

COPY public.account_information (account_id, user_id, bank_id, bank_region, balance, opendate) FROM stdin;
1	1	16	south	4188.52	2024-02-16
2	2	5	north	7390.08	2024-06-28
3	3	7	north	5365.83	2024-03-03
4	4	11	south	9602.19	2024-04-21
5	5	16	south	2173.10	2023-08-29
6	6	18	south	5153.28	2023-09-06
7	7	6	north	8344.35	2024-03-01
8	8	20	south	3101.06	2023-09-07
9	9	8	north	8584.45	2024-08-11
10	10	3	north	5501.35	2023-08-31
11	11	12	south	5700.83	2023-10-07
12	12	14	south	1469.28	2023-11-14
13	13	5	north	9536.56	2023-12-19
14	14	18	south	3135.45	2023-12-16
15	15	12	south	2662.34	2024-05-19
16	16	3	north	401.39	2024-05-16
17	17	17	south	7215.15	2023-10-27
18	18	17	south	6061.30	2023-09-10
19	19	12	south	8278.37	2024-01-19
20	20	17	south	2648.36	2024-04-30
21	21	8	north	2107.53	2024-05-27
22	22	5	north	1823.61	2023-12-09
23	23	17	south	2002.75	2023-08-26
24	24	17	south	7626.43	2024-05-26
25	25	19	south	9884.65	2024-01-05
26	26	18	south	2512.98	2024-06-07
27	27	18	south	5351.91	2024-07-07
28	28	3	north	3170.22	2024-02-21
29	29	19	south	2334.55	2024-05-24
30	30	8	north	7502.68	2024-01-04
31	31	15	south	612.37	2023-11-19
32	32	10	north	1429.73	2024-01-20
33	33	17	south	7061.01	2023-09-23
34	34	11	south	3063.83	2024-02-14
35	35	19	south	2186.70	2024-07-10
36	36	16	south	7151.49	2024-04-21
37	37	5	north	6672.53	2023-12-20
38	38	8	north	3212.74	2024-03-13
39	39	12	south	8456.67	2023-12-25
40	40	12	south	614.76	2024-07-09
41	41	4	north	5504.64	2024-04-20
42	42	6	north	2051.51	2024-04-16
43	43	12	south	6192.83	2023-11-25
44	44	7	north	2381.46	2023-08-29
45	45	2	north	6529.76	2023-11-01
46	46	3	north	6996.42	2024-05-26
47	47	4	north	7007.64	2023-10-31
48	48	20	south	2845.93	2024-02-15
49	49	13	south	4021.57	2024-01-11
50	50	18	south	4080.93	2023-08-16
51	51	6	north	3001.58	2023-08-29
52	52	16	south	3531.49	2024-05-16
53	53	16	south	7573.68	2024-02-07
54	54	19	south	595.07	2023-12-09
55	55	7	north	9267.57	2023-11-08
56	56	11	south	2346.28	2024-08-04
57	57	4	north	4199.00	2024-06-03
58	58	8	north	3454.89	2024-06-21
59	59	19	south	882.04	2023-12-27
60	60	2	north	3200.84	2023-11-26
61	61	15	south	8986.33	2024-08-02
62	62	11	south	4047.23	2023-11-30
63	63	19	south	3292.88	2024-05-27
64	64	19	south	9686.52	2023-12-20
65	65	1	north	1653.89	2024-02-19
66	66	20	south	1535.25	2024-03-16
67	67	16	south	8058.31	2023-10-01
68	68	11	south	6317.83	2023-11-24
69	69	19	south	6049.78	2023-09-13
70	70	5	north	2055.10	2023-08-26
71	71	16	south	2025.82	2023-11-20
72	72	19	south	6175.28	2023-10-14
73	73	2	north	7192.49	2023-11-21
74	74	5	north	7262.00	2023-09-12
75	75	13	south	267.73	2024-01-06
76	76	20	south	5585.25	2023-09-07
77	77	16	south	9036.01	2024-03-13
78	78	12	south	9647.67	2023-10-18
79	79	8	north	7165.77	2023-11-19
80	80	15	south	6080.13	2023-12-15
81	81	19	south	1167.36	2024-07-01
82	82	7	north	3078.56	2024-07-24
83	83	18	south	9432.46	2023-11-19
84	84	16	south	2751.34	2023-10-08
85	85	15	south	6695.29	2024-05-29
86	86	2	north	1633.60	2024-05-09
87	87	8	north	7386.21	2023-12-07
88	88	2	north	3228.73	2024-01-09
89	89	7	north	2864.89	2023-08-28
90	90	11	south	2035.40	2024-03-22
91	91	9	north	9779.86	2023-11-03
92	92	20	south	211.48	2023-12-20
93	93	5	north	6975.37	2024-05-03
94	94	9	north	6408.54	2023-11-04
95	95	15	south	146.91	2024-02-25
96	96	11	south	1836.73	2024-03-22
97	97	3	north	9950.21	2023-11-15
98	98	8	north	4736.98	2023-12-29
99	99	3	north	5806.99	2024-01-27
100	100	13	south	1739.87	2024-02-08
101	101	12	south	4609.73	2024-03-20
102	102	15	south	4929.45	2023-10-28
103	103	9	north	1753.63	2024-04-20
104	104	19	south	1842.47	2023-11-28
105	105	1	north	9206.03	2024-06-29
106	106	14	south	3067.31	2024-07-07
107	107	7	north	2040.30	2023-11-03
108	108	4	north	8256.26	2023-10-01
109	109	3	north	4231.89	2023-11-22
110	110	2	north	826.01	2023-11-29
111	111	16	south	1290.38	2024-07-16
112	112	1	north	666.16	2024-05-14
113	113	12	south	4095.69	2023-12-18
114	114	6	north	4601.03	2024-07-13
115	115	10	north	5779.56	2024-03-05
116	116	11	south	2143.18	2023-09-09
117	117	14	south	2113.16	2023-08-30
118	118	1	north	7484.62	2023-10-04
119	119	15	south	1852.13	2024-07-07
120	120	12	south	2406.88	2024-03-28
121	121	11	south	6553.33	2023-11-30
122	122	8	north	9775.12	2024-03-23
123	123	8	north	3993.65	2024-07-18
124	124	11	south	2623.85	2024-02-19
125	125	7	north	8582.14	2023-09-08
126	126	15	south	7726.66	2023-10-31
127	127	5	north	3714.60	2024-08-11
128	128	13	south	2257.27	2024-03-15
129	129	9	north	4685.57	2024-03-24
130	130	12	south	2759.94	2023-09-24
131	131	12	south	5501.43	2023-12-15
132	132	15	south	2961.02	2024-03-24
133	133	16	south	9024.32	2024-05-06
134	134	13	south	9436.18	2024-03-11
135	135	9	north	783.63	2023-08-12
136	136	20	south	5866.55	2024-04-18
137	137	1	north	1077.86	2024-05-06
138	138	6	north	9079.84	2024-05-10
139	139	20	south	1558.26	2024-05-03
140	140	11	south	9394.30	2024-02-20
141	141	14	south	842.79	2023-09-28
142	142	11	south	2513.85	2024-01-03
143	143	4	north	4169.05	2023-11-27
144	144	19	south	2827.05	2023-11-18
145	145	16	south	6883.26	2023-12-03
146	146	2	north	7034.35	2024-02-20
147	147	4	north	8007.17	2023-12-12
148	148	7	north	9628.77	2023-08-22
149	149	2	north	4830.62	2024-04-19
150	150	3	north	8261.11	2023-11-27
151	151	6	north	9998.09	2024-04-21
152	152	6	north	618.95	2024-04-27
153	153	3	north	6547.50	2024-01-14
154	154	10	north	386.48	2024-04-04
155	155	12	south	2984.72	2024-05-19
156	156	4	north	4025.79	2024-01-31
157	157	10	north	2879.11	2024-07-06
158	158	18	south	2973.86	2023-11-09
159	159	20	south	6314.62	2023-09-28
160	160	4	north	7445.77	2023-11-27
161	161	11	south	5407.24	2024-06-29
162	162	16	south	8056.81	2024-03-08
163	163	9	north	5238.58	2024-04-13
164	164	7	north	297.08	2023-10-14
165	165	16	south	9932.97	2023-12-30
166	166	8	north	5352.72	2024-01-02
167	167	8	north	8639.75	2023-09-10
168	168	16	south	1023.69	2023-10-18
169	169	5	north	6429.17	2024-07-30
170	170	18	south	4000.13	2024-04-15
171	171	10	north	9011.14	2024-01-06
172	172	3	north	9399.17	2024-04-07
173	173	7	north	6976.01	2023-10-10
174	174	4	north	3962.24	2023-10-15
175	175	13	south	7244.02	2024-07-04
176	176	1	north	7743.10	2023-09-19
177	177	1	north	8207.01	2023-11-29
178	178	7	north	590.40	2024-04-25
179	179	7	north	4297.16	2024-01-06
180	180	20	south	1686.39	2024-03-09
181	181	13	south	2657.99	2024-06-15
182	182	15	south	2582.12	2023-12-03
183	183	4	north	9353.79	2024-05-26
184	184	2	north	9786.08	2024-08-07
185	185	13	south	4506.14	2024-07-24
186	186	18	south	3181.99	2024-07-30
187	187	14	south	5453.77	2024-04-11
188	188	17	south	2161.20	2024-07-10
189	189	7	north	9900.67	2023-10-07
190	190	19	south	7598.88	2023-10-03
191	191	1	north	4067.76	2024-01-23
192	192	16	south	1468.75	2024-06-11
193	193	5	north	6434.34	2023-10-29
194	194	14	south	5531.34	2023-12-13
195	195	16	south	9522.16	2024-04-21
196	196	16	south	1994.20	2023-10-08
197	197	19	south	1273.17	2024-03-13
198	198	9	north	7871.30	2024-01-14
199	199	5	north	3171.02	2024-05-22
200	200	5	north	5546.47	2024-01-18
201	201	17	south	9627.48	2024-02-04
202	202	15	south	6118.75	2023-10-22
203	203	20	south	9056.35	2024-02-07
204	204	4	north	5184.19	2024-06-29
205	205	19	south	6962.30	2024-06-12
206	206	17	south	5462.60	2023-10-17
207	207	19	south	9355.36	2024-05-28
208	208	16	south	7608.65	2023-08-24
209	209	2	north	47.59	2024-02-08
210	210	19	south	6461.39	2024-07-26
211	211	20	south	6359.36	2023-09-26
212	212	11	south	4535.08	2023-12-09
213	213	3	north	1824.38	2023-12-14
214	214	18	south	3354.86	2024-04-14
215	215	10	north	2861.15	2024-06-17
216	216	17	south	8112.41	2024-02-05
217	217	1	north	5649.91	2024-05-04
218	218	14	south	6741.40	2024-02-16
219	219	16	south	7000.79	2024-04-19
220	220	7	north	7728.85	2023-11-29
221	221	18	south	6863.06	2024-01-15
222	222	19	south	156.47	2024-05-18
223	223	14	south	9280.55	2024-05-13
224	224	8	north	6892.17	2024-03-29
225	225	2	north	8741.16	2024-04-11
226	226	17	south	5616.85	2024-02-04
227	227	10	north	7985.63	2024-08-09
228	228	20	south	6451.99	2024-04-16
229	229	12	south	5003.02	2024-04-16
230	230	14	south	7473.39	2023-10-27
231	231	3	north	3148.56	2023-12-29
232	232	7	north	6384.10	2024-06-19
233	233	15	south	1625.55	2024-08-01
234	234	17	south	6601.36	2024-03-26
235	235	10	north	5877.76	2023-11-02
236	236	7	north	5771.48	2024-06-23
237	237	6	north	8294.28	2024-07-22
238	238	5	north	9204.55	2023-08-12
239	239	1	north	4049.59	2024-05-02
240	240	3	north	3288.00	2023-10-12
241	241	1	north	689.72	2024-07-27
242	242	6	north	8037.11	2024-04-13
243	243	14	south	4516.72	2024-04-05
244	244	8	north	3670.52	2023-09-25
245	245	8	north	1427.95	2024-04-03
246	246	4	north	8868.77	2023-11-29
247	247	14	south	8339.55	2024-05-12
248	248	19	south	169.51	2024-03-10
249	249	6	north	5242.97	2024-01-18
250	250	15	south	4146.94	2024-06-07
251	251	2	north	9427.84	2024-02-23
252	252	2	north	7674.23	2024-05-28
253	253	3	north	1777.88	2024-07-06
254	254	4	north	3086.41	2024-04-02
255	255	15	south	3734.08	2024-06-18
256	256	9	north	354.26	2023-10-29
257	257	16	south	5574.02	2023-10-30
258	258	20	south	8974.34	2023-08-25
259	259	13	south	545.78	2023-10-20
260	260	17	south	5410.61	2024-05-29
261	261	13	south	3164.87	2024-06-16
262	262	4	north	9905.24	2024-02-28
263	263	3	north	3370.33	2024-05-23
264	264	7	north	1120.80	2024-08-06
265	265	7	north	4478.56	2023-09-03
266	266	1	north	1699.71	2024-06-17
267	267	6	north	2244.18	2024-07-21
268	268	10	north	8188.47	2023-08-19
269	269	20	south	5226.67	2023-09-16
270	270	7	north	4715.25	2024-04-30
271	271	10	north	2268.95	2024-05-07
272	272	17	south	2618.93	2024-02-08
273	273	11	south	2705.96	2023-09-08
274	274	20	south	2505.01	2024-05-12
275	275	10	north	5290.92	2024-02-11
276	276	16	south	2419.64	2024-02-10
277	277	15	south	3009.14	2023-10-01
278	278	19	south	1911.17	2023-11-30
279	279	18	south	2217.34	2024-08-01
280	280	19	south	6413.29	2024-07-21
281	281	9	north	8990.69	2024-07-30
282	282	15	south	7372.49	2023-09-01
283	283	4	north	4354.74	2024-08-05
284	284	4	north	8171.40	2023-11-22
285	285	11	south	7379.28	2024-02-06
286	286	14	south	7637.31	2024-02-11
287	287	18	south	6852.73	2024-07-29
288	288	18	south	6079.32	2024-06-08
289	289	6	north	833.24	2024-07-13
290	290	2	north	4186.97	2023-09-13
291	291	16	south	7727.76	2024-02-20
292	292	17	south	7600.47	2023-12-16
293	293	3	north	8010.18	2024-02-18
294	294	16	south	7795.56	2023-09-03
295	295	18	south	3585.91	2024-05-09
296	296	13	south	4318.27	2024-01-10
297	297	17	south	9421.60	2023-10-29
298	298	20	south	4013.89	2024-05-18
299	299	5	north	6492.42	2023-10-26
300	300	14	south	6708.12	2024-01-29
301	301	3	north	2442.79	2023-12-21
302	302	13	south	4646.92	2024-04-10
303	303	20	south	9764.10	2024-04-23
304	304	15	south	6710.78	2023-10-23
305	305	10	north	3884.92	2024-07-30
306	306	12	south	6726.90	2024-03-05
307	307	11	south	7471.21	2024-08-02
308	308	2	north	4879.86	2023-10-22
309	309	1	north	8500.87	2024-02-17
310	310	6	north	7843.46	2024-04-30
311	311	12	south	5419.14	2024-03-11
312	312	20	south	5810.61	2024-05-30
313	313	10	north	8797.99	2023-08-23
314	314	19	south	2221.07	2024-04-29
315	315	19	south	6170.88	2024-02-24
316	316	19	south	260.91	2023-08-13
317	317	1	north	5409.49	2023-11-30
318	318	5	north	2017.52	2024-04-22
319	319	14	south	5262.23	2024-01-31
320	320	19	south	5218.34	2024-01-25
321	321	10	north	3155.33	2023-09-05
322	322	15	south	5529.41	2024-04-17
323	323	4	north	3345.69	2023-10-14
324	324	17	south	277.02	2024-04-03
325	325	12	south	4382.42	2024-01-12
326	326	19	south	2246.55	2024-07-26
327	327	6	north	2877.27	2024-02-08
328	328	2	north	8868.61	2023-11-10
329	329	9	north	5740.02	2024-02-04
330	330	11	south	7288.42	2023-08-23
331	331	8	north	8662.52	2024-04-18
332	332	1	north	3984.03	2023-11-27
333	333	20	south	5810.94	2024-04-10
334	334	8	north	5617.69	2023-08-18
335	335	11	south	4515.19	2023-08-29
336	336	8	north	1867.87	2024-07-15
337	337	7	north	4487.73	2023-11-16
338	338	8	north	7387.10	2024-05-07
339	339	16	south	6096.99	2023-11-17
340	340	12	south	9041.25	2023-11-06
341	341	10	north	306.97	2024-04-21
342	342	14	south	8048.52	2024-01-05
343	343	6	north	3263.33	2024-05-01
344	344	4	north	4343.03	2023-09-21
345	345	8	north	242.14	2023-11-09
346	346	3	north	6426.67	2023-10-11
347	347	7	north	7879.03	2024-04-01
348	348	14	south	6486.13	2024-07-01
349	349	2	north	7249.72	2023-12-11
350	350	2	north	7809.00	2024-02-06
351	351	4	north	4880.46	2024-04-10
352	352	20	south	1604.65	2024-03-11
353	353	7	north	5751.60	2024-01-26
354	354	17	south	3321.73	2024-06-06
355	355	20	south	9213.06	2023-08-16
356	356	2	north	9112.99	2024-04-01
357	357	12	south	3508.42	2024-03-27
358	358	18	south	3716.95	2024-04-25
359	359	14	south	6506.63	2024-05-24
360	360	15	south	364.99	2023-12-06
361	361	8	north	3492.17	2024-04-10
362	362	11	south	1867.99	2023-12-23
363	363	14	south	6487.54	2023-12-28
364	364	12	south	4504.00	2023-10-15
365	365	2	north	4143.28	2024-07-17
366	366	6	north	5972.77	2023-11-18
367	367	20	south	6604.73	2024-05-05
368	368	13	south	267.34	2023-09-29
369	369	16	south	3015.44	2024-02-09
370	370	20	south	9511.01	2023-08-22
371	371	10	north	7130.21	2024-03-24
372	372	18	south	7650.74	2024-04-22
373	373	11	south	7276.93	2024-03-09
374	374	3	north	9779.39	2024-03-23
375	375	14	south	327.20	2024-04-08
376	376	18	south	4636.91	2023-08-30
377	377	2	north	4042.41	2024-05-25
378	378	7	north	1642.32	2023-09-17
379	379	19	south	3748.14	2023-12-14
380	380	10	north	2590.51	2024-01-13
381	381	9	north	8128.80	2023-09-02
382	382	12	south	7853.66	2023-12-01
383	383	12	south	9934.85	2023-08-31
384	384	20	south	606.23	2024-02-18
385	385	12	south	6935.90	2024-06-29
386	386	15	south	421.40	2024-04-13
387	387	8	north	1000.70	2024-07-28
388	388	10	north	6600.08	2023-08-19
389	389	15	south	2960.61	2023-08-14
390	390	7	north	3996.06	2023-12-29
391	391	14	south	7016.25	2024-07-22
392	392	10	north	597.77	2024-07-11
393	393	5	north	2011.33	2024-04-23
394	394	18	south	8558.23	2024-01-30
395	395	12	south	9687.77	2024-01-06
396	396	17	south	46.73	2024-01-23
397	397	16	south	4600.34	2023-11-28
398	398	16	south	4040.51	2024-04-13
399	399	10	north	3145.71	2023-10-30
400	400	2	north	311.58	2024-01-25
401	401	1	north	8995.01	2024-08-07
402	402	18	south	1242.46	2024-04-25
403	403	18	south	8032.99	2024-03-24
404	404	19	south	140.84	2023-11-12
405	405	2	north	8778.13	2024-03-23
406	406	13	south	1766.14	2024-05-03
407	407	6	north	1030.26	2024-01-23
408	408	4	north	5828.91	2024-04-18
409	409	7	north	9762.67	2023-12-18
410	410	2	north	9005.10	2024-05-06
411	411	14	south	7714.05	2023-12-21
412	412	16	south	3800.62	2024-07-13
413	413	8	north	3796.65	2023-11-09
414	414	12	south	6473.75	2024-07-14
415	415	18	south	9252.36	2024-05-16
416	416	14	south	5477.46	2024-05-10
417	417	3	north	8738.97	2024-07-21
418	418	15	south	9229.48	2024-06-15
419	419	10	north	1728.20	2023-10-22
420	420	16	south	9639.19	2024-04-03
421	421	18	south	3468.80	2024-04-06
422	422	1	north	6413.10	2023-09-30
423	423	1	north	4250.56	2024-01-30
424	424	11	south	2528.50	2024-03-27
425	425	11	south	3134.70	2023-11-15
426	426	16	south	2478.46	2023-10-28
427	427	18	south	6865.71	2024-06-15
428	428	8	north	6187.75	2024-05-20
429	429	5	north	3373.89	2023-11-27
430	430	8	north	5440.58	2024-05-05
431	431	20	south	4641.66	2023-09-10
432	432	10	north	2712.99	2024-02-06
433	433	17	south	5069.93	2024-03-10
434	434	1	north	1158.94	2024-02-10
435	435	16	south	5333.74	2024-06-24
436	436	6	north	7229.77	2024-08-05
437	437	2	north	3341.23	2024-04-27
438	438	8	north	7467.27	2024-02-18
439	439	11	south	9134.61	2024-07-21
440	440	8	north	4297.88	2024-03-25
441	441	11	south	3810.03	2024-01-14
442	442	2	north	8432.71	2023-10-17
443	443	4	north	7873.18	2023-10-26
444	444	11	south	6804.34	2023-08-25
445	445	12	south	9017.12	2023-08-14
446	446	5	north	8939.34	2024-03-18
447	447	17	south	9946.96	2023-11-12
448	448	18	south	6762.35	2024-02-27
449	449	4	north	850.62	2024-05-09
450	450	9	north	2223.71	2023-12-18
451	451	9	north	7277.52	2024-06-13
452	452	20	south	6697.16	2023-08-20
453	453	4	north	8869.08	2023-11-20
454	454	18	south	8051.92	2024-03-06
455	455	3	north	1379.80	2024-06-18
456	456	12	south	6415.51	2024-05-31
457	457	3	north	5049.84	2024-04-06
458	458	1	north	5184.11	2024-02-26
459	459	7	north	4898.81	2023-10-26
460	460	17	south	9078.70	2024-04-25
461	461	5	north	4417.65	2023-09-18
462	462	8	north	9225.38	2024-01-15
463	463	14	south	6768.80	2023-09-08
464	464	19	south	8447.49	2024-02-13
465	465	16	south	2740.38	2023-10-03
466	466	16	south	8406.37	2024-01-28
467	467	10	north	4036.26	2023-12-01
468	468	5	north	1598.57	2024-04-08
469	469	18	south	5087.43	2024-01-20
470	470	9	north	7392.92	2023-11-13
471	471	6	north	5700.30	2023-08-17
472	472	11	south	9323.95	2024-02-04
473	473	6	north	3628.37	2024-04-21
474	474	19	south	123.72	2024-06-11
475	475	18	south	7249.83	2024-01-28
476	476	5	north	3688.79	2024-02-04
477	477	15	south	6880.56	2024-04-29
478	478	8	north	4736.75	2024-01-19
479	479	2	north	1329.84	2023-11-10
480	480	7	north	6522.63	2024-05-26
481	481	9	north	1802.92	2024-07-09
482	482	16	south	3533.88	2023-12-17
483	483	13	south	7558.84	2023-11-22
484	484	18	south	7799.66	2024-03-10
485	485	4	north	4965.02	2024-02-06
486	486	17	south	3235.45	2024-01-01
487	487	20	south	7891.61	2023-12-03
488	488	8	north	3863.14	2024-03-19
489	489	17	south	1467.83	2023-09-09
490	490	18	south	2341.07	2023-08-17
491	491	18	south	8266.78	2023-12-13
492	492	15	south	5565.19	2024-05-22
493	493	17	south	3205.26	2023-12-02
494	494	20	south	9936.35	2024-07-10
495	495	10	north	311.48	2023-12-30
496	496	8	north	6939.97	2023-12-09
497	497	6	north	9079.30	2024-03-20
498	498	14	south	3511.47	2024-01-07
499	499	18	south	7216.16	2023-12-13
500	500	18	south	709.13	2024-06-10
501	501	1	north	755.37	2024-01-08
502	502	9	north	8646.09	2023-11-14
503	503	1	north	4149.42	2024-02-20
504	504	5	north	1210.94	2023-08-29
505	505	2	north	6978.27	2023-11-22
506	506	6	north	9478.56	2024-06-24
507	507	12	south	8545.05	2024-02-19
508	508	11	south	7997.86	2024-04-20
509	509	9	north	2153.23	2024-05-23
510	510	12	south	6391.00	2024-01-28
511	511	7	north	2014.52	2023-11-08
512	512	12	south	3794.24	2024-04-21
513	513	6	north	975.70	2023-09-29
514	514	6	north	6013.83	2023-09-15
515	515	10	north	3398.08	2024-03-22
516	516	12	south	5200.76	2024-01-20
517	517	4	north	4442.13	2024-02-21
518	518	2	north	6066.68	2023-12-02
519	519	18	south	9726.01	2024-05-04
520	520	1	north	2400.58	2024-07-16
521	521	1	north	7859.77	2023-11-27
522	522	1	north	9721.01	2023-10-28
523	523	10	north	7234.53	2023-10-15
524	524	2	north	3987.45	2023-11-21
525	525	16	south	3885.77	2024-06-25
526	526	11	south	6552.51	2023-08-20
527	527	5	north	2232.60	2024-02-03
528	528	14	south	4840.16	2023-09-22
529	529	19	south	1752.91	2023-10-12
530	530	18	south	9368.87	2024-01-22
531	531	9	north	5970.76	2023-10-04
532	532	6	north	1449.53	2023-10-15
533	533	4	north	6076.68	2023-12-18
534	534	19	south	3408.22	2024-06-26
535	535	20	south	3061.62	2023-09-28
536	536	6	north	4185.51	2023-12-30
537	537	13	south	6786.74	2024-05-29
538	538	12	south	751.18	2024-01-20
539	539	11	south	3803.89	2024-03-28
540	540	20	south	5975.92	2024-07-24
541	541	17	south	4140.64	2023-11-28
542	542	4	north	394.98	2024-05-27
543	543	5	north	1202.74	2024-06-12
544	544	5	north	9779.29	2024-06-07
545	545	10	north	7672.53	2024-03-27
546	546	6	north	5155.43	2024-04-30
547	547	10	north	8757.05	2024-01-03
548	548	4	north	9198.64	2023-11-09
549	549	3	north	8685.55	2024-05-18
550	550	8	north	7223.87	2023-11-03
551	551	18	south	4389.57	2024-06-08
552	552	15	south	399.56	2023-10-30
553	553	3	north	2573.60	2023-10-23
554	554	13	south	7664.53	2023-09-20
555	555	10	north	5806.10	2023-09-26
556	556	2	north	4349.81	2024-05-30
557	557	6	north	7616.66	2023-08-26
558	558	5	north	7408.89	2024-01-20
559	559	15	south	1792.50	2023-10-30
560	560	7	north	874.45	2023-08-26
561	561	7	north	4645.11	2024-06-05
562	562	14	south	2229.00	2024-05-01
563	563	1	north	7690.17	2024-01-29
564	564	6	north	8839.72	2023-09-22
565	565	5	north	5437.25	2023-10-15
566	566	15	south	9312.92	2024-02-08
567	567	14	south	4027.02	2023-10-15
568	568	6	north	3998.55	2024-04-08
569	569	15	south	6223.93	2024-03-02
570	570	5	north	5448.57	2024-05-06
571	571	19	south	9805.35	2024-04-11
572	572	18	south	2751.80	2024-02-03
573	573	12	south	5340.13	2024-04-06
574	574	5	north	2977.78	2024-07-27
575	575	13	south	7830.03	2024-03-22
576	576	1	north	6408.35	2023-10-03
577	577	2	north	1243.72	2023-11-25
578	578	13	south	8811.49	2023-12-15
579	579	19	south	449.25	2024-05-05
580	580	12	south	3854.80	2024-07-31
581	581	20	south	1970.65	2023-10-24
582	582	1	north	4736.13	2024-01-26
583	583	6	north	5346.71	2023-10-07
584	584	17	south	6536.81	2024-01-05
585	585	14	south	7834.08	2024-01-03
586	586	8	north	3819.39	2023-10-22
587	587	20	south	8633.67	2024-07-26
588	588	4	north	1550.76	2024-06-26
589	589	5	north	9195.70	2024-06-08
590	590	19	south	657.37	2023-12-21
591	591	10	north	6197.46	2023-08-19
592	592	4	north	1229.28	2024-07-24
593	593	13	south	2938.40	2023-11-14
594	594	14	south	9416.79	2023-12-29
595	595	7	north	7877.33	2023-12-03
596	596	5	north	3620.96	2024-07-27
597	597	14	south	9183.74	2024-06-24
598	598	10	north	2534.16	2023-12-16
599	599	5	north	4771.25	2023-09-24
600	600	14	south	1180.82	2024-01-01
601	601	20	south	3694.51	2024-04-22
602	602	10	north	7284.43	2024-07-29
603	603	13	south	537.64	2023-11-08
604	604	20	south	9141.69	2024-03-03
605	605	8	north	8778.36	2023-12-13
606	606	2	north	3626.15	2023-12-02
607	607	3	north	2748.75	2024-06-18
608	608	14	south	8552.96	2023-12-06
609	609	11	south	2685.49	2024-01-20
610	610	2	north	8304.53	2024-04-09
611	611	3	north	6004.85	2024-06-18
612	612	4	north	1839.55	2024-07-06
613	613	11	south	2913.80	2024-06-19
614	614	11	south	3742.49	2024-07-25
615	615	20	south	6386.21	2024-02-23
616	616	18	south	5963.71	2023-11-19
617	617	10	north	1210.02	2023-10-05
618	618	9	north	6201.28	2024-04-04
619	619	9	north	6557.65	2023-12-21
620	620	3	north	9212.66	2024-04-30
621	621	4	north	3967.75	2024-08-04
622	622	18	south	5203.85	2024-02-17
623	623	18	south	587.96	2024-03-23
624	624	11	south	5266.53	2024-01-14
625	625	8	north	4159.73	2024-04-25
626	626	3	north	4971.07	2023-09-18
627	627	15	south	1843.68	2023-10-16
628	628	7	north	2337.00	2024-08-02
629	629	12	south	6252.76	2024-06-27
630	630	20	south	7266.09	2023-11-15
631	631	16	south	7834.87	2024-07-18
632	632	10	north	3124.00	2023-11-13
633	633	2	north	2307.88	2024-06-01
634	634	5	north	8823.14	2023-08-14
635	635	11	south	3928.29	2023-10-02
636	636	4	north	4500.31	2024-03-02
637	637	17	south	5070.59	2023-12-24
638	638	10	north	7278.79	2024-02-01
639	639	2	north	429.76	2024-01-23
640	640	13	south	7124.84	2023-08-27
641	641	1	north	9570.73	2023-11-19
642	642	19	south	6602.78	2024-01-28
643	643	3	north	35.23	2023-08-16
644	644	14	south	8214.63	2024-07-21
645	645	6	north	8573.67	2024-04-02
646	646	16	south	2516.25	2024-02-27
647	647	17	south	3674.41	2023-10-05
648	648	2	north	3828.08	2024-06-04
649	649	20	south	1783.63	2024-08-07
650	650	14	south	8493.31	2024-03-27
651	651	11	south	2511.34	2023-12-24
652	652	19	south	6768.21	2024-02-22
653	653	20	south	1714.71	2024-01-19
654	654	16	south	5955.90	2023-09-12
655	655	15	south	4397.74	2024-06-16
656	656	9	north	6980.15	2024-05-19
657	657	5	north	2492.70	2024-01-20
658	658	18	south	9365.81	2024-06-03
659	659	19	south	9716.58	2023-09-21
660	660	13	south	2259.17	2024-01-23
661	661	10	north	9482.10	2024-06-29
662	662	11	south	6623.25	2024-04-25
663	663	8	north	790.10	2024-06-10
664	664	19	south	6830.49	2024-06-13
665	665	17	south	3126.47	2023-08-20
666	666	16	south	3056.50	2024-04-27
667	667	15	south	1700.87	2024-07-09
668	668	4	north	869.45	2023-09-07
669	669	17	south	7614.82	2024-07-27
670	670	1	north	9155.21	2024-03-17
671	671	14	south	7409.78	2023-10-25
672	672	1	north	3323.49	2024-02-26
673	673	14	south	8105.66	2023-11-16
674	674	8	north	7454.03	2023-10-01
675	675	3	north	7498.91	2023-10-11
676	676	18	south	5854.03	2024-06-22
677	677	14	south	4813.35	2024-01-06
678	678	19	south	986.22	2024-01-18
679	679	7	north	1859.71	2024-06-05
680	680	13	south	6999.44	2024-06-07
681	681	11	south	8896.21	2024-04-26
682	682	20	south	2260.21	2024-01-20
683	683	14	south	9937.06	2023-11-01
684	684	3	north	3243.13	2024-04-08
685	685	13	south	2506.23	2023-09-20
686	686	15	south	610.32	2024-01-20
687	687	19	south	4411.66	2024-01-18
688	688	2	north	3488.62	2024-01-07
689	689	13	south	9435.24	2024-05-31
690	690	8	north	4870.15	2024-06-18
691	691	17	south	8137.92	2023-11-27
692	692	19	south	2141.55	2023-09-18
693	693	12	south	3705.86	2023-08-31
694	694	3	north	659.38	2024-01-18
695	695	14	south	9660.70	2024-07-28
696	696	16	south	1729.28	2024-06-14
697	697	11	south	9342.04	2023-11-04
698	698	8	north	2744.44	2023-11-04
699	699	13	south	1284.87	2024-01-28
700	700	14	south	5858.66	2024-07-21
701	701	18	south	2142.89	2023-08-31
702	702	13	south	5202.06	2023-11-25
703	703	13	south	5248.91	2024-05-13
704	704	4	north	7818.58	2023-12-06
705	705	4	north	5422.44	2023-11-19
706	706	7	north	8569.26	2024-01-20
707	707	10	north	3112.59	2023-11-02
708	708	16	south	217.60	2024-04-19
709	709	15	south	5652.64	2023-10-03
710	710	17	south	3480.63	2024-06-01
711	711	10	north	5481.70	2024-06-01
712	712	8	north	1671.25	2024-01-15
713	713	20	south	8902.55	2024-05-14
714	714	10	north	3481.51	2023-11-17
715	715	12	south	3948.03	2024-06-18
716	716	4	north	56.26	2023-09-19
717	717	11	south	6825.28	2023-11-13
718	718	7	north	8601.12	2023-12-01
719	719	9	north	1221.22	2023-09-21
720	720	6	north	2466.29	2024-05-19
721	721	2	north	8452.69	2024-03-02
722	722	13	south	1934.05	2024-01-16
723	723	4	north	1893.40	2024-04-19
724	724	19	south	361.41	2023-12-26
725	725	10	north	9797.85	2024-01-03
726	726	18	south	9477.49	2023-11-11
727	727	19	south	6494.11	2023-10-31
728	728	9	north	7383.27	2023-12-06
729	729	1	north	9387.04	2023-09-29
730	730	8	north	8754.59	2024-04-04
731	731	20	south	7925.55	2024-02-18
732	732	11	south	6183.44	2023-09-11
733	733	6	north	7065.73	2024-06-04
734	734	5	north	4425.82	2023-10-12
735	735	17	south	6843.54	2024-06-27
736	736	16	south	4974.58	2024-07-28
737	737	11	south	9661.61	2023-08-21
738	738	6	north	6241.63	2023-11-26
739	739	7	north	1578.24	2024-05-08
740	740	14	south	6593.52	2024-01-19
741	741	6	north	5627.75	2024-05-18
742	742	1	north	7401.72	2023-09-03
743	743	20	south	9602.57	2023-09-03
744	744	2	north	6996.69	2024-06-11
745	745	19	south	1466.44	2024-06-04
746	746	10	north	256.76	2024-05-15
747	747	5	north	6737.19	2024-06-29
748	748	7	north	3410.59	2024-04-08
749	749	19	south	7469.08	2023-11-10
750	750	9	north	9425.45	2024-06-26
751	751	14	south	164.08	2023-11-29
752	752	18	south	4377.65	2023-11-08
753	753	6	north	9149.01	2024-04-11
754	754	9	north	3170.57	2023-12-11
755	755	9	north	1822.16	2024-04-11
756	756	13	south	7093.60	2024-07-24
757	757	15	south	2821.46	2024-06-02
758	758	5	north	253.16	2024-04-13
759	759	14	south	3185.43	2023-12-19
760	760	6	north	8973.47	2024-06-13
761	761	15	south	1496.31	2023-12-02
762	762	2	north	310.03	2024-04-17
763	763	8	north	1949.94	2024-04-29
764	764	5	north	1783.35	2023-09-01
765	765	16	south	266.09	2024-04-08
766	766	1	north	7403.82	2023-09-12
767	767	9	north	8790.07	2024-01-21
768	768	20	south	8701.43	2024-03-23
769	769	19	south	3917.53	2023-11-13
770	770	11	south	4637.97	2024-01-19
771	771	11	south	180.09	2023-11-22
772	772	15	south	312.46	2023-10-28
773	773	12	south	1224.73	2024-04-02
774	774	11	south	6678.08	2023-10-16
775	775	17	south	4102.17	2024-06-01
776	776	15	south	1942.88	2024-04-13
777	777	4	north	6159.48	2023-10-12
778	778	7	north	2956.16	2024-05-10
779	779	1	north	8058.17	2024-04-29
780	780	15	south	4727.91	2023-10-05
781	781	15	south	9968.90	2024-03-16
782	782	10	north	6456.50	2023-09-08
783	783	14	south	6815.07	2023-08-24
784	784	7	north	4937.69	2023-11-17
785	785	5	north	4980.34	2023-10-26
786	786	12	south	5134.86	2024-03-18
787	787	16	south	5041.11	2024-06-24
788	788	2	north	1772.98	2024-04-20
789	789	15	south	5896.46	2024-07-10
790	790	19	south	4193.48	2023-11-03
791	791	13	south	2900.56	2024-01-18
792	792	2	north	7645.55	2024-04-03
793	793	12	south	9846.11	2024-01-19
794	794	5	north	9902.98	2024-03-05
795	795	18	south	2760.72	2024-03-21
796	796	20	south	1130.96	2023-10-13
797	797	16	south	1532.50	2024-05-15
798	798	7	north	4062.55	2024-02-12
799	799	20	south	4738.93	2023-12-05
800	800	14	south	784.00	2024-06-01
801	801	9	north	5450.66	2023-11-16
802	802	20	south	1658.41	2024-06-13
803	803	12	south	9602.73	2024-03-13
804	804	4	north	9219.75	2024-05-22
805	805	10	north	4951.64	2023-08-26
806	806	12	south	3038.44	2024-01-02
807	807	10	north	8874.26	2023-08-24
808	808	19	south	6596.58	2024-03-19
809	809	20	south	2422.65	2024-04-06
810	810	7	north	7248.76	2024-04-11
811	811	12	south	7839.28	2024-03-30
812	812	3	north	5209.43	2023-09-04
813	813	5	north	1332.23	2024-04-03
814	814	20	south	4968.23	2024-03-28
815	815	4	north	1613.49	2023-11-19
816	816	3	north	8989.00	2024-04-16
817	817	15	south	2229.80	2023-12-26
818	818	12	south	7133.74	2023-09-17
819	819	16	south	6132.50	2024-06-02
820	820	9	north	2095.26	2024-07-13
821	821	6	north	1169.58	2024-05-17
822	822	10	north	7338.26	2023-12-06
823	823	6	north	773.44	2023-12-05
824	824	16	south	9750.42	2024-06-02
825	825	16	south	7112.76	2024-07-20
826	826	13	south	1590.63	2023-09-08
827	827	20	south	2979.39	2024-02-05
828	828	10	north	2758.21	2024-02-02
829	829	8	north	4070.81	2023-12-08
830	830	18	south	637.95	2023-09-26
831	831	19	south	1019.79	2023-09-06
832	832	13	south	4191.75	2023-12-17
833	833	13	south	9711.55	2024-06-07
834	834	16	south	4810.20	2024-03-22
835	835	9	north	9648.10	2023-12-10
836	836	14	south	2093.59	2023-11-07
837	837	13	south	6629.62	2024-07-20
838	838	4	north	134.73	2024-05-29
839	839	11	south	548.61	2023-09-13
840	840	2	north	9075.47	2024-06-17
841	841	1	north	6719.10	2024-04-03
842	842	3	north	7778.13	2024-04-04
843	843	10	north	2347.61	2023-10-14
844	844	14	south	9571.83	2023-09-06
845	845	1	north	7928.29	2024-03-27
846	846	17	south	6486.39	2024-07-30
847	847	2	north	8202.87	2024-02-08
848	848	18	south	7332.15	2023-11-02
849	849	19	south	4909.15	2023-11-10
850	850	16	south	6434.24	2023-10-22
851	851	3	north	8345.15	2023-12-21
852	852	4	north	7190.73	2024-05-13
853	853	19	south	9652.83	2023-11-29
854	854	19	south	5964.95	2023-09-27
855	855	13	south	3051.76	2023-11-08
856	856	5	north	9317.58	2023-12-31
857	857	10	north	324.74	2024-05-18
858	858	13	south	3377.94	2023-10-07
859	859	7	north	1372.61	2023-11-11
860	860	4	north	3378.07	2024-06-27
861	861	8	north	8809.82	2024-05-16
862	862	5	north	2563.39	2024-01-23
863	863	7	north	9416.28	2024-02-09
864	864	9	north	8295.68	2024-02-09
865	865	6	north	254.45	2023-08-23
866	866	3	north	357.46	2023-12-28
867	867	8	north	1182.05	2023-12-18
868	868	17	south	3629.09	2023-09-29
869	869	1	north	2764.78	2023-08-19
870	870	7	north	7081.44	2024-03-20
871	871	12	south	4185.16	2024-08-04
872	872	9	north	414.34	2024-05-29
873	873	9	north	2285.43	2024-03-23
874	874	1	north	2856.83	2024-07-10
875	875	3	north	4623.92	2024-06-24
876	876	20	south	5725.68	2024-01-14
877	877	5	north	8539.77	2023-11-20
878	878	2	north	2067.68	2024-05-28
879	879	19	south	3992.10	2024-06-30
880	880	6	north	6731.55	2023-08-28
881	881	20	south	6052.26	2023-08-26
882	882	19	south	5677.25	2023-11-07
883	883	17	south	6753.72	2023-12-21
884	884	14	south	9627.07	2024-07-09
885	885	11	south	6419.92	2024-03-20
886	886	5	north	4194.58	2023-08-17
887	887	12	south	7244.12	2023-08-23
888	888	10	north	5739.99	2024-01-06
889	889	16	south	7415.89	2023-10-09
890	890	6	north	3488.47	2023-10-21
891	891	1	north	1484.03	2024-05-22
892	892	17	south	5715.59	2023-12-05
893	893	8	north	4093.74	2024-06-08
894	894	20	south	5164.67	2023-12-09
895	895	14	south	2297.54	2023-11-17
896	896	19	south	658.38	2024-03-19
897	897	15	south	5372.18	2024-02-21
898	898	15	south	4881.42	2023-12-31
899	899	17	south	4820.55	2023-09-30
900	900	18	south	425.70	2024-04-18
901	901	14	south	7874.98	2023-09-11
902	902	19	south	699.72	2024-05-12
903	903	19	south	3538.01	2024-07-30
904	904	18	south	8095.87	2024-01-03
905	905	10	north	5745.19	2024-06-25
906	906	8	north	2518.86	2023-08-21
907	907	6	north	7130.45	2024-04-05
908	908	15	south	5118.32	2023-08-17
909	909	18	south	9250.71	2024-03-24
910	910	5	north	5304.13	2023-11-06
911	911	5	north	5886.61	2024-04-26
912	912	10	north	6322.79	2023-08-30
913	913	5	north	4013.38	2024-05-05
914	914	4	north	930.64	2024-04-26
915	915	16	south	6084.17	2024-05-20
916	916	16	south	5007.07	2023-12-12
917	917	19	south	6494.68	2023-12-04
918	918	17	south	6572.09	2024-02-26
919	919	7	north	4944.06	2024-07-30
920	920	15	south	3316.98	2024-04-27
921	921	18	south	866.34	2023-12-29
922	922	17	south	6342.61	2023-08-27
923	923	8	north	4111.36	2024-04-25
924	924	12	south	29.07	2024-03-14
925	925	15	south	1837.46	2024-03-22
926	926	12	south	373.49	2024-05-05
927	927	7	north	7492.59	2024-08-09
928	928	7	north	9716.46	2024-02-05
929	929	16	south	417.20	2023-09-23
930	930	2	north	7428.39	2024-02-09
931	931	11	south	5308.06	2024-01-12
932	932	7	north	6261.87	2024-07-20
933	933	19	south	169.55	2024-01-10
934	934	2	north	8954.29	2024-01-11
935	935	16	south	947.14	2024-07-08
936	936	3	north	4955.09	2024-06-24
937	937	20	south	8891.73	2024-03-01
938	938	15	south	6926.17	2024-06-25
939	939	4	north	6943.98	2023-08-27
940	940	9	north	1479.54	2023-08-21
941	941	11	south	5948.61	2024-03-29
942	942	15	south	4592.58	2024-02-19
943	943	10	north	8844.93	2024-01-13
944	944	15	south	7354.36	2024-08-07
945	945	1	north	1412.47	2024-01-14
946	946	9	north	8487.04	2024-06-12
947	947	1	north	8063.13	2024-06-29
948	948	10	north	2326.58	2024-05-08
949	949	12	south	3572.37	2024-03-08
950	950	15	south	4187.10	2024-04-05
951	951	12	south	3613.07	2024-08-08
952	952	18	south	2314.53	2023-12-19
953	953	17	south	451.21	2023-09-21
954	954	14	south	2698.33	2024-06-01
955	955	19	south	2054.25	2024-03-17
956	956	4	north	3683.28	2023-12-05
957	957	19	south	4072.36	2024-03-23
958	958	12	south	9925.75	2024-04-30
959	959	5	north	5205.98	2023-11-10
960	960	2	north	883.62	2023-10-18
961	961	1	north	9735.09	2023-09-07
962	962	3	north	1660.03	2024-05-10
963	963	12	south	5460.15	2024-06-30
964	964	10	north	9893.75	2023-09-25
965	965	8	north	1491.56	2024-01-08
966	966	13	south	7666.13	2023-10-12
967	967	1	north	6773.81	2024-06-04
968	968	6	north	5054.25	2023-12-03
969	969	6	north	3489.33	2024-03-09
970	970	17	south	3056.26	2024-05-22
971	971	9	north	9900.74	2024-03-22
972	972	18	south	7223.53	2024-02-12
973	973	19	south	3233.48	2024-02-18
974	974	5	north	3900.67	2023-10-13
975	975	20	south	7839.90	2024-06-26
976	976	7	north	8773.52	2024-03-28
977	977	5	north	3472.49	2024-06-03
978	978	19	south	7493.41	2024-02-18
979	979	17	south	2199.70	2024-04-30
980	980	16	south	217.99	2024-03-25
981	981	5	north	7338.69	2023-10-05
982	982	12	south	5305.38	2024-05-15
983	983	7	north	3924.80	2023-09-26
984	984	9	north	83.28	2024-02-12
985	985	14	south	2207.09	2024-02-26
986	986	20	south	7977.64	2024-04-24
987	987	19	south	4457.18	2024-03-21
988	988	2	north	3511.70	2024-08-09
989	989	4	north	6177.15	2024-04-10
990	990	15	south	2009.88	2023-12-03
991	991	8	north	1699.20	2024-07-29
992	992	17	south	4502.79	2024-04-05
993	993	15	south	1467.00	2024-07-18
994	994	20	south	6035.02	2023-12-05
995	995	17	south	9232.14	2024-02-19
996	996	16	south	6238.79	2024-01-22
997	997	7	north	8035.02	2024-03-30
998	998	19	south	7711.62	2024-04-05
999	999	19	south	7528.21	2024-01-21
1000	1000	11	south	8542.88	2024-01-14
1002	1	2	north	1000.00	2024-07-23
\.


--
-- Data for Name: bankbranches_default; Type: TABLE DATA; Schema: public; Owner: postgres
--

COPY public.bankbranches_default (bank_id, bank_region, bank_name, account_num, total_funds) FROM stdin;
\.


--
-- Data for Name: bankbranches_north; Type: TABLE DATA; Schema: public; Owner: postgres
--

COPY public.bankbranches_north (bank_id, bank_region, bank_name, account_num, total_funds) FROM stdin;
1	north	North Branch 1	100	2071360.91
2	north	North Branch 2	100	208366.69
3	north	North Branch 3	100	1650691.12
4	north	North Branch 4	100	7757590.42
5	north	North Branch 5	100	650894.04
6	north	North Branch 6	100	3617958.70
7	north	North Branch 7	100	9336635.25
8	north	North Branch 8	100	1155356.88
9	north	North Branch 9	100	6607260.35
10	north	North Branch 10	100	8332815.82
22	north	Taoyuan	199	1000000.00
\.


--
-- Data for Name: bankbranches_south; Type: TABLE DATA; Schema: public; Owner: postgres
--

COPY public.bankbranches_south (bank_id, bank_region, bank_name, account_num, total_funds) FROM stdin;
11	south	South Branch 1	100	1514885.44
12	south	South Branch 2	100	3926276.21
13	south	South Branch 3	100	549113.62
14	south	South Branch 4	100	2290171.14
15	south	South Branch 5	100	487455.99
16	south	South Branch 6	100	9682121.43
17	south	South Branch 7	100	2143867.90
18	south	South Branch 8	100	5092529.90
19	south	South Branch 9	100	580122.84
20	south	South Branch 10	100	7719877.09
21	south	Kaohsiung	99	1000000.00
\.


--
-- Data for Name: marketsurvey; Type: TABLE DATA; Schema: public; Owner: postgres
--

COPY public.marketsurvey (survey_id, survey_title, survey_des, survey_response) FROM stdin;
\.


--
-- Data for Name: user_information; Type: TABLE DATA; Schema: public; Owner: postgres
--

COPY public.user_information (user_id, name, gender, phone, email) FROM stdin;
1	User1	M	123-456-7890	user1@example.com
2	User2	M	123-456-7890	user2@example.com
3	User3	M	123-456-7890	user3@example.com
4	User4	M	123-456-7890	user4@example.com
5	User5	M	123-456-7890	user5@example.com
6	User6	M	123-456-7890	user6@example.com
7	User7	M	123-456-7890	user7@example.com
8	User8	M	123-456-7890	user8@example.com
9	User9	M	123-456-7890	user9@example.com
10	User10	M	123-456-7890	user10@example.com
11	User11	M	123-456-7890	user11@example.com
12	User12	M	123-456-7890	user12@example.com
13	User13	M	123-456-7890	user13@example.com
14	User14	M	123-456-7890	user14@example.com
15	User15	M	123-456-7890	user15@example.com
16	User16	M	123-456-7890	user16@example.com
17	User17	M	123-456-7890	user17@example.com
18	User18	M	123-456-7890	user18@example.com
19	User19	M	123-456-7890	user19@example.com
20	User20	M	123-456-7890	user20@example.com
21	User21	M	123-456-7890	user21@example.com
22	User22	M	123-456-7890	user22@example.com
23	User23	M	123-456-7890	user23@example.com
24	User24	M	123-456-7890	user24@example.com
25	User25	M	123-456-7890	user25@example.com
26	User26	M	123-456-7890	user26@example.com
27	User27	M	123-456-7890	user27@example.com
28	User28	M	123-456-7890	user28@example.com
29	User29	M	123-456-7890	user29@example.com
30	User30	M	123-456-7890	user30@example.com
31	User31	M	123-456-7890	user31@example.com
32	User32	M	123-456-7890	user32@example.com
33	User33	M	123-456-7890	user33@example.com
34	User34	M	123-456-7890	user34@example.com
35	User35	M	123-456-7890	user35@example.com
36	User36	M	123-456-7890	user36@example.com
37	User37	M	123-456-7890	user37@example.com
38	User38	M	123-456-7890	user38@example.com
39	User39	M	123-456-7890	user39@example.com
40	User40	M	123-456-7890	user40@example.com
41	User41	M	123-456-7890	user41@example.com
42	User42	M	123-456-7890	user42@example.com
43	User43	M	123-456-7890	user43@example.com
44	User44	M	123-456-7890	user44@example.com
45	User45	M	123-456-7890	user45@example.com
46	User46	M	123-456-7890	user46@example.com
47	User47	M	123-456-7890	user47@example.com
48	User48	M	123-456-7890	user48@example.com
49	User49	M	123-456-7890	user49@example.com
50	User50	M	123-456-7890	user50@example.com
51	User51	M	123-456-7890	user51@example.com
52	User52	M	123-456-7890	user52@example.com
53	User53	M	123-456-7890	user53@example.com
54	User54	M	123-456-7890	user54@example.com
55	User55	M	123-456-7890	user55@example.com
56	User56	M	123-456-7890	user56@example.com
57	User57	M	123-456-7890	user57@example.com
58	User58	M	123-456-7890	user58@example.com
59	User59	M	123-456-7890	user59@example.com
60	User60	M	123-456-7890	user60@example.com
61	User61	M	123-456-7890	user61@example.com
62	User62	M	123-456-7890	user62@example.com
63	User63	M	123-456-7890	user63@example.com
64	User64	M	123-456-7890	user64@example.com
65	User65	M	123-456-7890	user65@example.com
66	User66	M	123-456-7890	user66@example.com
67	User67	M	123-456-7890	user67@example.com
68	User68	M	123-456-7890	user68@example.com
69	User69	M	123-456-7890	user69@example.com
70	User70	M	123-456-7890	user70@example.com
71	User71	M	123-456-7890	user71@example.com
72	User72	M	123-456-7890	user72@example.com
73	User73	M	123-456-7890	user73@example.com
74	User74	M	123-456-7890	user74@example.com
75	User75	M	123-456-7890	user75@example.com
76	User76	M	123-456-7890	user76@example.com
77	User77	M	123-456-7890	user77@example.com
78	User78	M	123-456-7890	user78@example.com
79	User79	M	123-456-7890	user79@example.com
80	User80	M	123-456-7890	user80@example.com
81	User81	M	123-456-7890	user81@example.com
82	User82	M	123-456-7890	user82@example.com
83	User83	M	123-456-7890	user83@example.com
84	User84	M	123-456-7890	user84@example.com
85	User85	M	123-456-7890	user85@example.com
86	User86	M	123-456-7890	user86@example.com
87	User87	M	123-456-7890	user87@example.com
88	User88	M	123-456-7890	user88@example.com
89	User89	M	123-456-7890	user89@example.com
90	User90	M	123-456-7890	user90@example.com
91	User91	M	123-456-7890	user91@example.com
92	User92	M	123-456-7890	user92@example.com
93	User93	M	123-456-7890	user93@example.com
94	User94	M	123-456-7890	user94@example.com
95	User95	M	123-456-7890	user95@example.com
96	User96	M	123-456-7890	user96@example.com
97	User97	M	123-456-7890	user97@example.com
98	User98	M	123-456-7890	user98@example.com
99	User99	M	123-456-7890	user99@example.com
100	User100	M	123-456-7890	user100@example.com
101	User101	M	123-456-7890	user101@example.com
102	User102	M	123-456-7890	user102@example.com
103	User103	M	123-456-7890	user103@example.com
104	User104	M	123-456-7890	user104@example.com
105	User105	M	123-456-7890	user105@example.com
106	User106	M	123-456-7890	user106@example.com
107	User107	M	123-456-7890	user107@example.com
108	User108	M	123-456-7890	user108@example.com
109	User109	M	123-456-7890	user109@example.com
110	User110	M	123-456-7890	user110@example.com
111	User111	M	123-456-7890	user111@example.com
112	User112	M	123-456-7890	user112@example.com
113	User113	M	123-456-7890	user113@example.com
114	User114	M	123-456-7890	user114@example.com
115	User115	M	123-456-7890	user115@example.com
116	User116	M	123-456-7890	user116@example.com
117	User117	M	123-456-7890	user117@example.com
118	User118	M	123-456-7890	user118@example.com
119	User119	M	123-456-7890	user119@example.com
120	User120	M	123-456-7890	user120@example.com
121	User121	M	123-456-7890	user121@example.com
122	User122	M	123-456-7890	user122@example.com
123	User123	M	123-456-7890	user123@example.com
124	User124	M	123-456-7890	user124@example.com
125	User125	M	123-456-7890	user125@example.com
126	User126	M	123-456-7890	user126@example.com
127	User127	M	123-456-7890	user127@example.com
128	User128	M	123-456-7890	user128@example.com
129	User129	M	123-456-7890	user129@example.com
130	User130	M	123-456-7890	user130@example.com
131	User131	M	123-456-7890	user131@example.com
132	User132	M	123-456-7890	user132@example.com
133	User133	M	123-456-7890	user133@example.com
134	User134	M	123-456-7890	user134@example.com
135	User135	M	123-456-7890	user135@example.com
136	User136	M	123-456-7890	user136@example.com
137	User137	M	123-456-7890	user137@example.com
138	User138	M	123-456-7890	user138@example.com
139	User139	M	123-456-7890	user139@example.com
140	User140	M	123-456-7890	user140@example.com
141	User141	M	123-456-7890	user141@example.com
142	User142	M	123-456-7890	user142@example.com
143	User143	M	123-456-7890	user143@example.com
144	User144	M	123-456-7890	user144@example.com
145	User145	M	123-456-7890	user145@example.com
146	User146	M	123-456-7890	user146@example.com
147	User147	M	123-456-7890	user147@example.com
148	User148	M	123-456-7890	user148@example.com
149	User149	M	123-456-7890	user149@example.com
150	User150	M	123-456-7890	user150@example.com
151	User151	M	123-456-7890	user151@example.com
152	User152	M	123-456-7890	user152@example.com
153	User153	M	123-456-7890	user153@example.com
154	User154	M	123-456-7890	user154@example.com
155	User155	M	123-456-7890	user155@example.com
156	User156	M	123-456-7890	user156@example.com
157	User157	M	123-456-7890	user157@example.com
158	User158	M	123-456-7890	user158@example.com
159	User159	M	123-456-7890	user159@example.com
160	User160	M	123-456-7890	user160@example.com
161	User161	M	123-456-7890	user161@example.com
162	User162	M	123-456-7890	user162@example.com
163	User163	M	123-456-7890	user163@example.com
164	User164	M	123-456-7890	user164@example.com
165	User165	M	123-456-7890	user165@example.com
166	User166	M	123-456-7890	user166@example.com
167	User167	M	123-456-7890	user167@example.com
168	User168	M	123-456-7890	user168@example.com
169	User169	M	123-456-7890	user169@example.com
170	User170	M	123-456-7890	user170@example.com
171	User171	M	123-456-7890	user171@example.com
172	User172	M	123-456-7890	user172@example.com
173	User173	M	123-456-7890	user173@example.com
174	User174	M	123-456-7890	user174@example.com
175	User175	M	123-456-7890	user175@example.com
176	User176	M	123-456-7890	user176@example.com
177	User177	M	123-456-7890	user177@example.com
178	User178	M	123-456-7890	user178@example.com
179	User179	M	123-456-7890	user179@example.com
180	User180	M	123-456-7890	user180@example.com
181	User181	M	123-456-7890	user181@example.com
182	User182	M	123-456-7890	user182@example.com
183	User183	M	123-456-7890	user183@example.com
184	User184	M	123-456-7890	user184@example.com
185	User185	M	123-456-7890	user185@example.com
186	User186	M	123-456-7890	user186@example.com
187	User187	M	123-456-7890	user187@example.com
188	User188	M	123-456-7890	user188@example.com
189	User189	M	123-456-7890	user189@example.com
190	User190	M	123-456-7890	user190@example.com
191	User191	M	123-456-7890	user191@example.com
192	User192	M	123-456-7890	user192@example.com
193	User193	M	123-456-7890	user193@example.com
194	User194	M	123-456-7890	user194@example.com
195	User195	M	123-456-7890	user195@example.com
196	User196	M	123-456-7890	user196@example.com
197	User197	M	123-456-7890	user197@example.com
198	User198	M	123-456-7890	user198@example.com
199	User199	M	123-456-7890	user199@example.com
200	User200	M	123-456-7890	user200@example.com
201	User201	M	123-456-7890	user201@example.com
202	User202	M	123-456-7890	user202@example.com
203	User203	M	123-456-7890	user203@example.com
204	User204	M	123-456-7890	user204@example.com
205	User205	M	123-456-7890	user205@example.com
206	User206	M	123-456-7890	user206@example.com
207	User207	M	123-456-7890	user207@example.com
208	User208	M	123-456-7890	user208@example.com
209	User209	M	123-456-7890	user209@example.com
210	User210	M	123-456-7890	user210@example.com
211	User211	M	123-456-7890	user211@example.com
212	User212	M	123-456-7890	user212@example.com
213	User213	M	123-456-7890	user213@example.com
214	User214	M	123-456-7890	user214@example.com
215	User215	M	123-456-7890	user215@example.com
216	User216	M	123-456-7890	user216@example.com
217	User217	M	123-456-7890	user217@example.com
218	User218	M	123-456-7890	user218@example.com
219	User219	M	123-456-7890	user219@example.com
220	User220	M	123-456-7890	user220@example.com
221	User221	M	123-456-7890	user221@example.com
222	User222	M	123-456-7890	user222@example.com
223	User223	M	123-456-7890	user223@example.com
224	User224	M	123-456-7890	user224@example.com
225	User225	M	123-456-7890	user225@example.com
226	User226	M	123-456-7890	user226@example.com
227	User227	M	123-456-7890	user227@example.com
228	User228	M	123-456-7890	user228@example.com
229	User229	M	123-456-7890	user229@example.com
230	User230	M	123-456-7890	user230@example.com
231	User231	M	123-456-7890	user231@example.com
232	User232	M	123-456-7890	user232@example.com
233	User233	M	123-456-7890	user233@example.com
234	User234	M	123-456-7890	user234@example.com
235	User235	M	123-456-7890	user235@example.com
236	User236	M	123-456-7890	user236@example.com
237	User237	M	123-456-7890	user237@example.com
238	User238	M	123-456-7890	user238@example.com
239	User239	M	123-456-7890	user239@example.com
240	User240	M	123-456-7890	user240@example.com
241	User241	M	123-456-7890	user241@example.com
242	User242	M	123-456-7890	user242@example.com
243	User243	M	123-456-7890	user243@example.com
244	User244	M	123-456-7890	user244@example.com
245	User245	M	123-456-7890	user245@example.com
246	User246	M	123-456-7890	user246@example.com
247	User247	M	123-456-7890	user247@example.com
248	User248	M	123-456-7890	user248@example.com
249	User249	M	123-456-7890	user249@example.com
250	User250	M	123-456-7890	user250@example.com
251	User251	M	123-456-7890	user251@example.com
252	User252	M	123-456-7890	user252@example.com
253	User253	M	123-456-7890	user253@example.com
254	User254	M	123-456-7890	user254@example.com
255	User255	M	123-456-7890	user255@example.com
256	User256	M	123-456-7890	user256@example.com
257	User257	M	123-456-7890	user257@example.com
258	User258	M	123-456-7890	user258@example.com
259	User259	M	123-456-7890	user259@example.com
260	User260	M	123-456-7890	user260@example.com
261	User261	M	123-456-7890	user261@example.com
262	User262	M	123-456-7890	user262@example.com
263	User263	M	123-456-7890	user263@example.com
264	User264	M	123-456-7890	user264@example.com
265	User265	M	123-456-7890	user265@example.com
266	User266	M	123-456-7890	user266@example.com
267	User267	M	123-456-7890	user267@example.com
268	User268	M	123-456-7890	user268@example.com
269	User269	M	123-456-7890	user269@example.com
270	User270	M	123-456-7890	user270@example.com
271	User271	M	123-456-7890	user271@example.com
272	User272	M	123-456-7890	user272@example.com
273	User273	M	123-456-7890	user273@example.com
274	User274	M	123-456-7890	user274@example.com
275	User275	M	123-456-7890	user275@example.com
276	User276	M	123-456-7890	user276@example.com
277	User277	M	123-456-7890	user277@example.com
278	User278	M	123-456-7890	user278@example.com
279	User279	M	123-456-7890	user279@example.com
280	User280	M	123-456-7890	user280@example.com
281	User281	M	123-456-7890	user281@example.com
282	User282	M	123-456-7890	user282@example.com
283	User283	M	123-456-7890	user283@example.com
284	User284	M	123-456-7890	user284@example.com
285	User285	M	123-456-7890	user285@example.com
286	User286	M	123-456-7890	user286@example.com
287	User287	M	123-456-7890	user287@example.com
288	User288	M	123-456-7890	user288@example.com
289	User289	M	123-456-7890	user289@example.com
290	User290	M	123-456-7890	user290@example.com
291	User291	M	123-456-7890	user291@example.com
292	User292	M	123-456-7890	user292@example.com
293	User293	M	123-456-7890	user293@example.com
294	User294	M	123-456-7890	user294@example.com
295	User295	M	123-456-7890	user295@example.com
296	User296	M	123-456-7890	user296@example.com
297	User297	M	123-456-7890	user297@example.com
298	User298	M	123-456-7890	user298@example.com
299	User299	M	123-456-7890	user299@example.com
300	User300	M	123-456-7890	user300@example.com
301	User301	M	123-456-7890	user301@example.com
302	User302	M	123-456-7890	user302@example.com
303	User303	M	123-456-7890	user303@example.com
304	User304	M	123-456-7890	user304@example.com
305	User305	M	123-456-7890	user305@example.com
306	User306	M	123-456-7890	user306@example.com
307	User307	M	123-456-7890	user307@example.com
308	User308	M	123-456-7890	user308@example.com
309	User309	M	123-456-7890	user309@example.com
310	User310	M	123-456-7890	user310@example.com
311	User311	M	123-456-7890	user311@example.com
312	User312	M	123-456-7890	user312@example.com
313	User313	M	123-456-7890	user313@example.com
314	User314	M	123-456-7890	user314@example.com
315	User315	M	123-456-7890	user315@example.com
316	User316	M	123-456-7890	user316@example.com
317	User317	M	123-456-7890	user317@example.com
318	User318	M	123-456-7890	user318@example.com
319	User319	M	123-456-7890	user319@example.com
320	User320	M	123-456-7890	user320@example.com
321	User321	M	123-456-7890	user321@example.com
322	User322	M	123-456-7890	user322@example.com
323	User323	M	123-456-7890	user323@example.com
324	User324	M	123-456-7890	user324@example.com
325	User325	M	123-456-7890	user325@example.com
326	User326	M	123-456-7890	user326@example.com
327	User327	M	123-456-7890	user327@example.com
328	User328	M	123-456-7890	user328@example.com
329	User329	M	123-456-7890	user329@example.com
330	User330	M	123-456-7890	user330@example.com
331	User331	M	123-456-7890	user331@example.com
332	User332	M	123-456-7890	user332@example.com
333	User333	M	123-456-7890	user333@example.com
334	User334	M	123-456-7890	user334@example.com
335	User335	M	123-456-7890	user335@example.com
336	User336	M	123-456-7890	user336@example.com
337	User337	M	123-456-7890	user337@example.com
338	User338	M	123-456-7890	user338@example.com
339	User339	M	123-456-7890	user339@example.com
340	User340	M	123-456-7890	user340@example.com
341	User341	M	123-456-7890	user341@example.com
342	User342	M	123-456-7890	user342@example.com
343	User343	M	123-456-7890	user343@example.com
344	User344	M	123-456-7890	user344@example.com
345	User345	M	123-456-7890	user345@example.com
346	User346	M	123-456-7890	user346@example.com
347	User347	M	123-456-7890	user347@example.com
348	User348	M	123-456-7890	user348@example.com
349	User349	M	123-456-7890	user349@example.com
350	User350	M	123-456-7890	user350@example.com
351	User351	M	123-456-7890	user351@example.com
352	User352	M	123-456-7890	user352@example.com
353	User353	M	123-456-7890	user353@example.com
354	User354	M	123-456-7890	user354@example.com
355	User355	M	123-456-7890	user355@example.com
356	User356	M	123-456-7890	user356@example.com
357	User357	M	123-456-7890	user357@example.com
358	User358	M	123-456-7890	user358@example.com
359	User359	M	123-456-7890	user359@example.com
360	User360	M	123-456-7890	user360@example.com
361	User361	M	123-456-7890	user361@example.com
362	User362	M	123-456-7890	user362@example.com
363	User363	M	123-456-7890	user363@example.com
364	User364	M	123-456-7890	user364@example.com
365	User365	M	123-456-7890	user365@example.com
366	User366	M	123-456-7890	user366@example.com
367	User367	M	123-456-7890	user367@example.com
368	User368	M	123-456-7890	user368@example.com
369	User369	M	123-456-7890	user369@example.com
370	User370	M	123-456-7890	user370@example.com
371	User371	M	123-456-7890	user371@example.com
372	User372	M	123-456-7890	user372@example.com
373	User373	M	123-456-7890	user373@example.com
374	User374	M	123-456-7890	user374@example.com
375	User375	M	123-456-7890	user375@example.com
376	User376	M	123-456-7890	user376@example.com
377	User377	M	123-456-7890	user377@example.com
378	User378	M	123-456-7890	user378@example.com
379	User379	M	123-456-7890	user379@example.com
380	User380	M	123-456-7890	user380@example.com
381	User381	M	123-456-7890	user381@example.com
382	User382	M	123-456-7890	user382@example.com
383	User383	M	123-456-7890	user383@example.com
384	User384	M	123-456-7890	user384@example.com
385	User385	M	123-456-7890	user385@example.com
386	User386	M	123-456-7890	user386@example.com
387	User387	M	123-456-7890	user387@example.com
388	User388	M	123-456-7890	user388@example.com
389	User389	M	123-456-7890	user389@example.com
390	User390	M	123-456-7890	user390@example.com
391	User391	M	123-456-7890	user391@example.com
392	User392	M	123-456-7890	user392@example.com
393	User393	M	123-456-7890	user393@example.com
394	User394	M	123-456-7890	user394@example.com
395	User395	M	123-456-7890	user395@example.com
396	User396	M	123-456-7890	user396@example.com
397	User397	M	123-456-7890	user397@example.com
398	User398	M	123-456-7890	user398@example.com
399	User399	M	123-456-7890	user399@example.com
400	User400	M	123-456-7890	user400@example.com
401	User401	M	123-456-7890	user401@example.com
402	User402	M	123-456-7890	user402@example.com
403	User403	M	123-456-7890	user403@example.com
404	User404	M	123-456-7890	user404@example.com
405	User405	M	123-456-7890	user405@example.com
406	User406	M	123-456-7890	user406@example.com
407	User407	M	123-456-7890	user407@example.com
408	User408	M	123-456-7890	user408@example.com
409	User409	M	123-456-7890	user409@example.com
410	User410	M	123-456-7890	user410@example.com
411	User411	M	123-456-7890	user411@example.com
412	User412	M	123-456-7890	user412@example.com
413	User413	M	123-456-7890	user413@example.com
414	User414	M	123-456-7890	user414@example.com
415	User415	M	123-456-7890	user415@example.com
416	User416	M	123-456-7890	user416@example.com
417	User417	M	123-456-7890	user417@example.com
418	User418	M	123-456-7890	user418@example.com
419	User419	M	123-456-7890	user419@example.com
420	User420	M	123-456-7890	user420@example.com
421	User421	M	123-456-7890	user421@example.com
422	User422	M	123-456-7890	user422@example.com
423	User423	M	123-456-7890	user423@example.com
424	User424	M	123-456-7890	user424@example.com
425	User425	M	123-456-7890	user425@example.com
426	User426	M	123-456-7890	user426@example.com
427	User427	M	123-456-7890	user427@example.com
428	User428	M	123-456-7890	user428@example.com
429	User429	M	123-456-7890	user429@example.com
430	User430	M	123-456-7890	user430@example.com
431	User431	M	123-456-7890	user431@example.com
432	User432	M	123-456-7890	user432@example.com
433	User433	M	123-456-7890	user433@example.com
434	User434	M	123-456-7890	user434@example.com
435	User435	M	123-456-7890	user435@example.com
436	User436	M	123-456-7890	user436@example.com
437	User437	M	123-456-7890	user437@example.com
438	User438	M	123-456-7890	user438@example.com
439	User439	M	123-456-7890	user439@example.com
440	User440	M	123-456-7890	user440@example.com
441	User441	M	123-456-7890	user441@example.com
442	User442	M	123-456-7890	user442@example.com
443	User443	M	123-456-7890	user443@example.com
444	User444	M	123-456-7890	user444@example.com
445	User445	M	123-456-7890	user445@example.com
446	User446	M	123-456-7890	user446@example.com
447	User447	M	123-456-7890	user447@example.com
448	User448	M	123-456-7890	user448@example.com
449	User449	M	123-456-7890	user449@example.com
450	User450	M	123-456-7890	user450@example.com
451	User451	M	123-456-7890	user451@example.com
452	User452	M	123-456-7890	user452@example.com
453	User453	M	123-456-7890	user453@example.com
454	User454	M	123-456-7890	user454@example.com
455	User455	M	123-456-7890	user455@example.com
456	User456	M	123-456-7890	user456@example.com
457	User457	M	123-456-7890	user457@example.com
458	User458	M	123-456-7890	user458@example.com
459	User459	M	123-456-7890	user459@example.com
460	User460	M	123-456-7890	user460@example.com
461	User461	M	123-456-7890	user461@example.com
462	User462	M	123-456-7890	user462@example.com
463	User463	M	123-456-7890	user463@example.com
464	User464	M	123-456-7890	user464@example.com
465	User465	M	123-456-7890	user465@example.com
466	User466	M	123-456-7890	user466@example.com
467	User467	M	123-456-7890	user467@example.com
468	User468	M	123-456-7890	user468@example.com
469	User469	M	123-456-7890	user469@example.com
470	User470	M	123-456-7890	user470@example.com
471	User471	M	123-456-7890	user471@example.com
472	User472	M	123-456-7890	user472@example.com
473	User473	M	123-456-7890	user473@example.com
474	User474	M	123-456-7890	user474@example.com
475	User475	M	123-456-7890	user475@example.com
476	User476	M	123-456-7890	user476@example.com
477	User477	M	123-456-7890	user477@example.com
478	User478	M	123-456-7890	user478@example.com
479	User479	M	123-456-7890	user479@example.com
480	User480	M	123-456-7890	user480@example.com
481	User481	M	123-456-7890	user481@example.com
482	User482	M	123-456-7890	user482@example.com
483	User483	M	123-456-7890	user483@example.com
484	User484	M	123-456-7890	user484@example.com
485	User485	M	123-456-7890	user485@example.com
486	User486	M	123-456-7890	user486@example.com
487	User487	M	123-456-7890	user487@example.com
488	User488	M	123-456-7890	user488@example.com
489	User489	M	123-456-7890	user489@example.com
490	User490	M	123-456-7890	user490@example.com
491	User491	M	123-456-7890	user491@example.com
492	User492	M	123-456-7890	user492@example.com
493	User493	M	123-456-7890	user493@example.com
494	User494	M	123-456-7890	user494@example.com
495	User495	M	123-456-7890	user495@example.com
496	User496	M	123-456-7890	user496@example.com
497	User497	M	123-456-7890	user497@example.com
498	User498	M	123-456-7890	user498@example.com
499	User499	M	123-456-7890	user499@example.com
500	User500	M	123-456-7890	user500@example.com
501	User501	M	123-456-7890	user501@example.com
502	User502	M	123-456-7890	user502@example.com
503	User503	M	123-456-7890	user503@example.com
504	User504	M	123-456-7890	user504@example.com
505	User505	M	123-456-7890	user505@example.com
506	User506	M	123-456-7890	user506@example.com
507	User507	M	123-456-7890	user507@example.com
508	User508	M	123-456-7890	user508@example.com
509	User509	M	123-456-7890	user509@example.com
510	User510	M	123-456-7890	user510@example.com
511	User511	M	123-456-7890	user511@example.com
512	User512	M	123-456-7890	user512@example.com
513	User513	M	123-456-7890	user513@example.com
514	User514	M	123-456-7890	user514@example.com
515	User515	M	123-456-7890	user515@example.com
516	User516	M	123-456-7890	user516@example.com
517	User517	M	123-456-7890	user517@example.com
518	User518	M	123-456-7890	user518@example.com
519	User519	M	123-456-7890	user519@example.com
520	User520	M	123-456-7890	user520@example.com
521	User521	M	123-456-7890	user521@example.com
522	User522	M	123-456-7890	user522@example.com
523	User523	M	123-456-7890	user523@example.com
524	User524	M	123-456-7890	user524@example.com
525	User525	M	123-456-7890	user525@example.com
526	User526	M	123-456-7890	user526@example.com
527	User527	M	123-456-7890	user527@example.com
528	User528	M	123-456-7890	user528@example.com
529	User529	M	123-456-7890	user529@example.com
530	User530	M	123-456-7890	user530@example.com
531	User531	M	123-456-7890	user531@example.com
532	User532	M	123-456-7890	user532@example.com
533	User533	M	123-456-7890	user533@example.com
534	User534	M	123-456-7890	user534@example.com
535	User535	M	123-456-7890	user535@example.com
536	User536	M	123-456-7890	user536@example.com
537	User537	M	123-456-7890	user537@example.com
538	User538	M	123-456-7890	user538@example.com
539	User539	M	123-456-7890	user539@example.com
540	User540	M	123-456-7890	user540@example.com
541	User541	M	123-456-7890	user541@example.com
542	User542	M	123-456-7890	user542@example.com
543	User543	M	123-456-7890	user543@example.com
544	User544	M	123-456-7890	user544@example.com
545	User545	M	123-456-7890	user545@example.com
546	User546	M	123-456-7890	user546@example.com
547	User547	M	123-456-7890	user547@example.com
548	User548	M	123-456-7890	user548@example.com
549	User549	M	123-456-7890	user549@example.com
550	User550	M	123-456-7890	user550@example.com
551	User551	M	123-456-7890	user551@example.com
552	User552	M	123-456-7890	user552@example.com
553	User553	M	123-456-7890	user553@example.com
554	User554	M	123-456-7890	user554@example.com
555	User555	M	123-456-7890	user555@example.com
556	User556	M	123-456-7890	user556@example.com
557	User557	M	123-456-7890	user557@example.com
558	User558	M	123-456-7890	user558@example.com
559	User559	M	123-456-7890	user559@example.com
560	User560	M	123-456-7890	user560@example.com
561	User561	M	123-456-7890	user561@example.com
562	User562	M	123-456-7890	user562@example.com
563	User563	M	123-456-7890	user563@example.com
564	User564	M	123-456-7890	user564@example.com
565	User565	M	123-456-7890	user565@example.com
566	User566	M	123-456-7890	user566@example.com
567	User567	M	123-456-7890	user567@example.com
568	User568	M	123-456-7890	user568@example.com
569	User569	M	123-456-7890	user569@example.com
570	User570	M	123-456-7890	user570@example.com
571	User571	M	123-456-7890	user571@example.com
572	User572	M	123-456-7890	user572@example.com
573	User573	M	123-456-7890	user573@example.com
574	User574	M	123-456-7890	user574@example.com
575	User575	M	123-456-7890	user575@example.com
576	User576	M	123-456-7890	user576@example.com
577	User577	M	123-456-7890	user577@example.com
578	User578	M	123-456-7890	user578@example.com
579	User579	M	123-456-7890	user579@example.com
580	User580	M	123-456-7890	user580@example.com
581	User581	M	123-456-7890	user581@example.com
582	User582	M	123-456-7890	user582@example.com
583	User583	M	123-456-7890	user583@example.com
584	User584	M	123-456-7890	user584@example.com
585	User585	M	123-456-7890	user585@example.com
586	User586	M	123-456-7890	user586@example.com
587	User587	M	123-456-7890	user587@example.com
588	User588	M	123-456-7890	user588@example.com
589	User589	M	123-456-7890	user589@example.com
590	User590	M	123-456-7890	user590@example.com
591	User591	M	123-456-7890	user591@example.com
592	User592	M	123-456-7890	user592@example.com
593	User593	M	123-456-7890	user593@example.com
594	User594	M	123-456-7890	user594@example.com
595	User595	M	123-456-7890	user595@example.com
596	User596	M	123-456-7890	user596@example.com
597	User597	M	123-456-7890	user597@example.com
598	User598	M	123-456-7890	user598@example.com
599	User599	M	123-456-7890	user599@example.com
600	User600	M	123-456-7890	user600@example.com
601	User601	M	123-456-7890	user601@example.com
602	User602	M	123-456-7890	user602@example.com
603	User603	M	123-456-7890	user603@example.com
604	User604	M	123-456-7890	user604@example.com
605	User605	M	123-456-7890	user605@example.com
606	User606	M	123-456-7890	user606@example.com
607	User607	M	123-456-7890	user607@example.com
608	User608	M	123-456-7890	user608@example.com
609	User609	M	123-456-7890	user609@example.com
610	User610	M	123-456-7890	user610@example.com
611	User611	M	123-456-7890	user611@example.com
612	User612	M	123-456-7890	user612@example.com
613	User613	M	123-456-7890	user613@example.com
614	User614	M	123-456-7890	user614@example.com
615	User615	M	123-456-7890	user615@example.com
616	User616	M	123-456-7890	user616@example.com
617	User617	M	123-456-7890	user617@example.com
618	User618	M	123-456-7890	user618@example.com
619	User619	M	123-456-7890	user619@example.com
620	User620	M	123-456-7890	user620@example.com
621	User621	M	123-456-7890	user621@example.com
622	User622	M	123-456-7890	user622@example.com
623	User623	M	123-456-7890	user623@example.com
624	User624	M	123-456-7890	user624@example.com
625	User625	M	123-456-7890	user625@example.com
626	User626	M	123-456-7890	user626@example.com
627	User627	M	123-456-7890	user627@example.com
628	User628	M	123-456-7890	user628@example.com
629	User629	M	123-456-7890	user629@example.com
630	User630	M	123-456-7890	user630@example.com
631	User631	M	123-456-7890	user631@example.com
632	User632	M	123-456-7890	user632@example.com
633	User633	M	123-456-7890	user633@example.com
634	User634	M	123-456-7890	user634@example.com
635	User635	M	123-456-7890	user635@example.com
636	User636	M	123-456-7890	user636@example.com
637	User637	M	123-456-7890	user637@example.com
638	User638	M	123-456-7890	user638@example.com
639	User639	M	123-456-7890	user639@example.com
640	User640	M	123-456-7890	user640@example.com
641	User641	M	123-456-7890	user641@example.com
642	User642	M	123-456-7890	user642@example.com
643	User643	M	123-456-7890	user643@example.com
644	User644	M	123-456-7890	user644@example.com
645	User645	M	123-456-7890	user645@example.com
646	User646	M	123-456-7890	user646@example.com
647	User647	M	123-456-7890	user647@example.com
648	User648	M	123-456-7890	user648@example.com
649	User649	M	123-456-7890	user649@example.com
650	User650	M	123-456-7890	user650@example.com
651	User651	M	123-456-7890	user651@example.com
652	User652	M	123-456-7890	user652@example.com
653	User653	M	123-456-7890	user653@example.com
654	User654	M	123-456-7890	user654@example.com
655	User655	M	123-456-7890	user655@example.com
656	User656	M	123-456-7890	user656@example.com
657	User657	M	123-456-7890	user657@example.com
658	User658	M	123-456-7890	user658@example.com
659	User659	M	123-456-7890	user659@example.com
660	User660	M	123-456-7890	user660@example.com
661	User661	M	123-456-7890	user661@example.com
662	User662	M	123-456-7890	user662@example.com
663	User663	M	123-456-7890	user663@example.com
664	User664	M	123-456-7890	user664@example.com
665	User665	M	123-456-7890	user665@example.com
666	User666	M	123-456-7890	user666@example.com
667	User667	M	123-456-7890	user667@example.com
668	User668	M	123-456-7890	user668@example.com
669	User669	M	123-456-7890	user669@example.com
670	User670	M	123-456-7890	user670@example.com
671	User671	M	123-456-7890	user671@example.com
672	User672	M	123-456-7890	user672@example.com
673	User673	M	123-456-7890	user673@example.com
674	User674	M	123-456-7890	user674@example.com
675	User675	M	123-456-7890	user675@example.com
676	User676	M	123-456-7890	user676@example.com
677	User677	M	123-456-7890	user677@example.com
678	User678	M	123-456-7890	user678@example.com
679	User679	M	123-456-7890	user679@example.com
680	User680	M	123-456-7890	user680@example.com
681	User681	M	123-456-7890	user681@example.com
682	User682	M	123-456-7890	user682@example.com
683	User683	M	123-456-7890	user683@example.com
684	User684	M	123-456-7890	user684@example.com
685	User685	M	123-456-7890	user685@example.com
686	User686	M	123-456-7890	user686@example.com
687	User687	M	123-456-7890	user687@example.com
688	User688	M	123-456-7890	user688@example.com
689	User689	M	123-456-7890	user689@example.com
690	User690	M	123-456-7890	user690@example.com
691	User691	M	123-456-7890	user691@example.com
692	User692	M	123-456-7890	user692@example.com
693	User693	M	123-456-7890	user693@example.com
694	User694	M	123-456-7890	user694@example.com
695	User695	M	123-456-7890	user695@example.com
696	User696	M	123-456-7890	user696@example.com
697	User697	M	123-456-7890	user697@example.com
698	User698	M	123-456-7890	user698@example.com
699	User699	M	123-456-7890	user699@example.com
700	User700	M	123-456-7890	user700@example.com
701	User701	M	123-456-7890	user701@example.com
702	User702	M	123-456-7890	user702@example.com
703	User703	M	123-456-7890	user703@example.com
704	User704	M	123-456-7890	user704@example.com
705	User705	M	123-456-7890	user705@example.com
706	User706	M	123-456-7890	user706@example.com
707	User707	M	123-456-7890	user707@example.com
708	User708	M	123-456-7890	user708@example.com
709	User709	M	123-456-7890	user709@example.com
710	User710	M	123-456-7890	user710@example.com
711	User711	M	123-456-7890	user711@example.com
712	User712	M	123-456-7890	user712@example.com
713	User713	M	123-456-7890	user713@example.com
714	User714	M	123-456-7890	user714@example.com
715	User715	M	123-456-7890	user715@example.com
716	User716	M	123-456-7890	user716@example.com
717	User717	M	123-456-7890	user717@example.com
718	User718	M	123-456-7890	user718@example.com
719	User719	M	123-456-7890	user719@example.com
720	User720	M	123-456-7890	user720@example.com
721	User721	M	123-456-7890	user721@example.com
722	User722	M	123-456-7890	user722@example.com
723	User723	M	123-456-7890	user723@example.com
724	User724	M	123-456-7890	user724@example.com
725	User725	M	123-456-7890	user725@example.com
726	User726	M	123-456-7890	user726@example.com
727	User727	M	123-456-7890	user727@example.com
728	User728	M	123-456-7890	user728@example.com
729	User729	M	123-456-7890	user729@example.com
730	User730	M	123-456-7890	user730@example.com
731	User731	M	123-456-7890	user731@example.com
732	User732	M	123-456-7890	user732@example.com
733	User733	M	123-456-7890	user733@example.com
734	User734	M	123-456-7890	user734@example.com
735	User735	M	123-456-7890	user735@example.com
736	User736	M	123-456-7890	user736@example.com
737	User737	M	123-456-7890	user737@example.com
738	User738	M	123-456-7890	user738@example.com
739	User739	M	123-456-7890	user739@example.com
740	User740	M	123-456-7890	user740@example.com
741	User741	M	123-456-7890	user741@example.com
742	User742	M	123-456-7890	user742@example.com
743	User743	M	123-456-7890	user743@example.com
744	User744	M	123-456-7890	user744@example.com
745	User745	M	123-456-7890	user745@example.com
746	User746	M	123-456-7890	user746@example.com
747	User747	M	123-456-7890	user747@example.com
748	User748	M	123-456-7890	user748@example.com
749	User749	M	123-456-7890	user749@example.com
750	User750	M	123-456-7890	user750@example.com
751	User751	M	123-456-7890	user751@example.com
752	User752	M	123-456-7890	user752@example.com
753	User753	M	123-456-7890	user753@example.com
754	User754	M	123-456-7890	user754@example.com
755	User755	M	123-456-7890	user755@example.com
756	User756	M	123-456-7890	user756@example.com
757	User757	M	123-456-7890	user757@example.com
758	User758	M	123-456-7890	user758@example.com
759	User759	M	123-456-7890	user759@example.com
760	User760	M	123-456-7890	user760@example.com
761	User761	M	123-456-7890	user761@example.com
762	User762	M	123-456-7890	user762@example.com
763	User763	M	123-456-7890	user763@example.com
764	User764	M	123-456-7890	user764@example.com
765	User765	M	123-456-7890	user765@example.com
766	User766	M	123-456-7890	user766@example.com
767	User767	M	123-456-7890	user767@example.com
768	User768	M	123-456-7890	user768@example.com
769	User769	M	123-456-7890	user769@example.com
770	User770	M	123-456-7890	user770@example.com
771	User771	M	123-456-7890	user771@example.com
772	User772	M	123-456-7890	user772@example.com
773	User773	M	123-456-7890	user773@example.com
774	User774	M	123-456-7890	user774@example.com
775	User775	M	123-456-7890	user775@example.com
776	User776	M	123-456-7890	user776@example.com
777	User777	M	123-456-7890	user777@example.com
778	User778	M	123-456-7890	user778@example.com
779	User779	M	123-456-7890	user779@example.com
780	User780	M	123-456-7890	user780@example.com
781	User781	M	123-456-7890	user781@example.com
782	User782	M	123-456-7890	user782@example.com
783	User783	M	123-456-7890	user783@example.com
784	User784	M	123-456-7890	user784@example.com
785	User785	M	123-456-7890	user785@example.com
786	User786	M	123-456-7890	user786@example.com
787	User787	M	123-456-7890	user787@example.com
788	User788	M	123-456-7890	user788@example.com
789	User789	M	123-456-7890	user789@example.com
790	User790	M	123-456-7890	user790@example.com
791	User791	M	123-456-7890	user791@example.com
792	User792	M	123-456-7890	user792@example.com
793	User793	M	123-456-7890	user793@example.com
794	User794	M	123-456-7890	user794@example.com
795	User795	M	123-456-7890	user795@example.com
796	User796	M	123-456-7890	user796@example.com
797	User797	M	123-456-7890	user797@example.com
798	User798	M	123-456-7890	user798@example.com
799	User799	M	123-456-7890	user799@example.com
800	User800	M	123-456-7890	user800@example.com
801	User801	M	123-456-7890	user801@example.com
802	User802	M	123-456-7890	user802@example.com
803	User803	M	123-456-7890	user803@example.com
804	User804	M	123-456-7890	user804@example.com
805	User805	M	123-456-7890	user805@example.com
806	User806	M	123-456-7890	user806@example.com
807	User807	M	123-456-7890	user807@example.com
808	User808	M	123-456-7890	user808@example.com
809	User809	M	123-456-7890	user809@example.com
810	User810	M	123-456-7890	user810@example.com
811	User811	M	123-456-7890	user811@example.com
812	User812	M	123-456-7890	user812@example.com
813	User813	M	123-456-7890	user813@example.com
814	User814	M	123-456-7890	user814@example.com
815	User815	M	123-456-7890	user815@example.com
816	User816	M	123-456-7890	user816@example.com
817	User817	M	123-456-7890	user817@example.com
818	User818	M	123-456-7890	user818@example.com
819	User819	M	123-456-7890	user819@example.com
820	User820	M	123-456-7890	user820@example.com
821	User821	M	123-456-7890	user821@example.com
822	User822	M	123-456-7890	user822@example.com
823	User823	M	123-456-7890	user823@example.com
824	User824	M	123-456-7890	user824@example.com
825	User825	M	123-456-7890	user825@example.com
826	User826	M	123-456-7890	user826@example.com
827	User827	M	123-456-7890	user827@example.com
828	User828	M	123-456-7890	user828@example.com
829	User829	M	123-456-7890	user829@example.com
830	User830	M	123-456-7890	user830@example.com
831	User831	M	123-456-7890	user831@example.com
832	User832	M	123-456-7890	user832@example.com
833	User833	M	123-456-7890	user833@example.com
834	User834	M	123-456-7890	user834@example.com
835	User835	M	123-456-7890	user835@example.com
836	User836	M	123-456-7890	user836@example.com
837	User837	M	123-456-7890	user837@example.com
838	User838	M	123-456-7890	user838@example.com
839	User839	M	123-456-7890	user839@example.com
840	User840	M	123-456-7890	user840@example.com
841	User841	M	123-456-7890	user841@example.com
842	User842	M	123-456-7890	user842@example.com
843	User843	M	123-456-7890	user843@example.com
844	User844	M	123-456-7890	user844@example.com
845	User845	M	123-456-7890	user845@example.com
846	User846	M	123-456-7890	user846@example.com
847	User847	M	123-456-7890	user847@example.com
848	User848	M	123-456-7890	user848@example.com
849	User849	M	123-456-7890	user849@example.com
850	User850	M	123-456-7890	user850@example.com
851	User851	M	123-456-7890	user851@example.com
852	User852	M	123-456-7890	user852@example.com
853	User853	M	123-456-7890	user853@example.com
854	User854	M	123-456-7890	user854@example.com
855	User855	M	123-456-7890	user855@example.com
856	User856	M	123-456-7890	user856@example.com
857	User857	M	123-456-7890	user857@example.com
858	User858	M	123-456-7890	user858@example.com
859	User859	M	123-456-7890	user859@example.com
860	User860	M	123-456-7890	user860@example.com
861	User861	M	123-456-7890	user861@example.com
862	User862	M	123-456-7890	user862@example.com
863	User863	M	123-456-7890	user863@example.com
864	User864	M	123-456-7890	user864@example.com
865	User865	M	123-456-7890	user865@example.com
866	User866	M	123-456-7890	user866@example.com
867	User867	M	123-456-7890	user867@example.com
868	User868	M	123-456-7890	user868@example.com
869	User869	M	123-456-7890	user869@example.com
870	User870	M	123-456-7890	user870@example.com
871	User871	M	123-456-7890	user871@example.com
872	User872	M	123-456-7890	user872@example.com
873	User873	M	123-456-7890	user873@example.com
874	User874	M	123-456-7890	user874@example.com
875	User875	M	123-456-7890	user875@example.com
876	User876	M	123-456-7890	user876@example.com
877	User877	M	123-456-7890	user877@example.com
878	User878	M	123-456-7890	user878@example.com
879	User879	M	123-456-7890	user879@example.com
880	User880	M	123-456-7890	user880@example.com
881	User881	M	123-456-7890	user881@example.com
882	User882	M	123-456-7890	user882@example.com
883	User883	M	123-456-7890	user883@example.com
884	User884	M	123-456-7890	user884@example.com
885	User885	M	123-456-7890	user885@example.com
886	User886	M	123-456-7890	user886@example.com
887	User887	M	123-456-7890	user887@example.com
888	User888	M	123-456-7890	user888@example.com
889	User889	M	123-456-7890	user889@example.com
890	User890	M	123-456-7890	user890@example.com
891	User891	M	123-456-7890	user891@example.com
892	User892	M	123-456-7890	user892@example.com
893	User893	M	123-456-7890	user893@example.com
894	User894	M	123-456-7890	user894@example.com
895	User895	M	123-456-7890	user895@example.com
896	User896	M	123-456-7890	user896@example.com
897	User897	M	123-456-7890	user897@example.com
898	User898	M	123-456-7890	user898@example.com
899	User899	M	123-456-7890	user899@example.com
900	User900	M	123-456-7890	user900@example.com
901	User901	M	123-456-7890	user901@example.com
902	User902	M	123-456-7890	user902@example.com
903	User903	M	123-456-7890	user903@example.com
904	User904	M	123-456-7890	user904@example.com
905	User905	M	123-456-7890	user905@example.com
906	User906	M	123-456-7890	user906@example.com
907	User907	M	123-456-7890	user907@example.com
908	User908	M	123-456-7890	user908@example.com
909	User909	M	123-456-7890	user909@example.com
910	User910	M	123-456-7890	user910@example.com
911	User911	M	123-456-7890	user911@example.com
912	User912	M	123-456-7890	user912@example.com
913	User913	M	123-456-7890	user913@example.com
914	User914	M	123-456-7890	user914@example.com
915	User915	M	123-456-7890	user915@example.com
916	User916	M	123-456-7890	user916@example.com
917	User917	M	123-456-7890	user917@example.com
918	User918	M	123-456-7890	user918@example.com
919	User919	M	123-456-7890	user919@example.com
920	User920	M	123-456-7890	user920@example.com
921	User921	M	123-456-7890	user921@example.com
922	User922	M	123-456-7890	user922@example.com
923	User923	M	123-456-7890	user923@example.com
924	User924	M	123-456-7890	user924@example.com
925	User925	M	123-456-7890	user925@example.com
926	User926	M	123-456-7890	user926@example.com
927	User927	M	123-456-7890	user927@example.com
928	User928	M	123-456-7890	user928@example.com
929	User929	M	123-456-7890	user929@example.com
930	User930	M	123-456-7890	user930@example.com
931	User931	M	123-456-7890	user931@example.com
932	User932	M	123-456-7890	user932@example.com
933	User933	M	123-456-7890	user933@example.com
934	User934	M	123-456-7890	user934@example.com
935	User935	M	123-456-7890	user935@example.com
936	User936	M	123-456-7890	user936@example.com
937	User937	M	123-456-7890	user937@example.com
938	User938	M	123-456-7890	user938@example.com
939	User939	M	123-456-7890	user939@example.com
940	User940	M	123-456-7890	user940@example.com
941	User941	M	123-456-7890	user941@example.com
942	User942	M	123-456-7890	user942@example.com
943	User943	M	123-456-7890	user943@example.com
944	User944	M	123-456-7890	user944@example.com
945	User945	M	123-456-7890	user945@example.com
946	User946	M	123-456-7890	user946@example.com
947	User947	M	123-456-7890	user947@example.com
948	User948	M	123-456-7890	user948@example.com
949	User949	M	123-456-7890	user949@example.com
950	User950	M	123-456-7890	user950@example.com
951	User951	M	123-456-7890	user951@example.com
952	User952	M	123-456-7890	user952@example.com
953	User953	M	123-456-7890	user953@example.com
954	User954	M	123-456-7890	user954@example.com
955	User955	M	123-456-7890	user955@example.com
956	User956	M	123-456-7890	user956@example.com
957	User957	M	123-456-7890	user957@example.com
958	User958	M	123-456-7890	user958@example.com
959	User959	M	123-456-7890	user959@example.com
960	User960	M	123-456-7890	user960@example.com
961	User961	M	123-456-7890	user961@example.com
962	User962	M	123-456-7890	user962@example.com
963	User963	M	123-456-7890	user963@example.com
964	User964	M	123-456-7890	user964@example.com
965	User965	M	123-456-7890	user965@example.com
966	User966	M	123-456-7890	user966@example.com
967	User967	M	123-456-7890	user967@example.com
968	User968	M	123-456-7890	user968@example.com
969	User969	M	123-456-7890	user969@example.com
970	User970	M	123-456-7890	user970@example.com
971	User971	M	123-456-7890	user971@example.com
972	User972	M	123-456-7890	user972@example.com
973	User973	M	123-456-7890	user973@example.com
974	User974	M	123-456-7890	user974@example.com
975	User975	M	123-456-7890	user975@example.com
976	User976	M	123-456-7890	user976@example.com
977	User977	M	123-456-7890	user977@example.com
978	User978	M	123-456-7890	user978@example.com
979	User979	M	123-456-7890	user979@example.com
980	User980	M	123-456-7890	user980@example.com
981	User981	M	123-456-7890	user981@example.com
982	User982	M	123-456-7890	user982@example.com
983	User983	M	123-456-7890	user983@example.com
984	User984	M	123-456-7890	user984@example.com
985	User985	M	123-456-7890	user985@example.com
986	User986	M	123-456-7890	user986@example.com
987	User987	M	123-456-7890	user987@example.com
988	User988	M	123-456-7890	user988@example.com
989	User989	M	123-456-7890	user989@example.com
990	User990	M	123-456-7890	user990@example.com
991	User991	M	123-456-7890	user991@example.com
992	User992	M	123-456-7890	user992@example.com
993	User993	M	123-456-7890	user993@example.com
994	User994	M	123-456-7890	user994@example.com
995	User995	M	123-456-7890	user995@example.com
996	User996	M	123-456-7890	user996@example.com
997	User997	M	123-456-7890	user997@example.com
998	User998	M	123-456-7890	user998@example.com
999	User999	M	123-456-7890	user999@example.com
1000	User1000	M	123-456-7890	user1000@example.com
1001	abel	M	972XXX296	abel@gmail.com
1002	shelly	F	980XXX422	shelly@gmail.com
1003	chung	M	8XXXXXXXX	chung@gmail.com
\.


--
-- Name: account_cred_his_his_id_seq; Type: SEQUENCE SET; Schema: public; Owner: postgres
--

SELECT pg_catalog.setval('public.account_cred_his_his_id_seq', 1, false);


--
-- Name: account_info_trans_history_trans_id_seq; Type: SEQUENCE SET; Schema: public; Owner: postgres
--

SELECT pg_catalog.setval('public.account_info_trans_history_trans_id_seq', 1, false);


--
-- Name: account_information_account_id_seq; Type: SEQUENCE SET; Schema: public; Owner: postgres
--

SELECT pg_catalog.setval('public.account_information_account_id_seq', 1002, true);


--
-- Name: bankbranches_bank_id_seq; Type: SEQUENCE SET; Schema: public; Owner: postgres
--

SELECT pg_catalog.setval('public.bankbranches_bank_id_seq', 22, true);


--
-- Name: marketsurvey_survey_id_seq; Type: SEQUENCE SET; Schema: public; Owner: postgres
--

SELECT pg_catalog.setval('public.marketsurvey_survey_id_seq', 1, false);


--
-- Name: user_information_user_id_seq; Type: SEQUENCE SET; Schema: public; Owner: postgres
--

SELECT pg_catalog.setval('public.user_information_user_id_seq', 1003, true);


--
-- Name: account_cred_his account_cred_his_pkey; Type: CONSTRAINT; Schema: public; Owner: postgres
--

ALTER TABLE ONLY public.account_cred_his
    ADD CONSTRAINT account_cred_his_pkey PRIMARY KEY (his_id);


--
-- Name: account_info_trans_history account_info_trans_history_pkey; Type: CONSTRAINT; Schema: public; Owner: postgres
--

ALTER TABLE ONLY public.account_info_trans_history
    ADD CONSTRAINT account_info_trans_history_pkey PRIMARY KEY (trans_id);


--
-- Name: account_information account_information_pkey; Type: CONSTRAINT; Schema: public; Owner: postgres
--

ALTER TABLE ONLY public.account_information
    ADD CONSTRAINT account_information_pkey PRIMARY KEY (account_id);


--
-- Name: bankbranches bankbranches_pkey; Type: CONSTRAINT; Schema: public; Owner: postgres
--

ALTER TABLE ONLY public.bankbranches
    ADD CONSTRAINT bankbranches_pkey PRIMARY KEY (bank_id, bank_region);


--
-- Name: bankbranches_default bankbranches_default_pkey; Type: CONSTRAINT; Schema: public; Owner: postgres
--

ALTER TABLE ONLY public.bankbranches_default
    ADD CONSTRAINT bankbranches_default_pkey PRIMARY KEY (bank_id, bank_region);


--
-- Name: bankbranches_north bankbranches_north_pkey; Type: CONSTRAINT; Schema: public; Owner: postgres
--

ALTER TABLE ONLY public.bankbranches_north
    ADD CONSTRAINT bankbranches_north_pkey PRIMARY KEY (bank_id, bank_region);


--
-- Name: bankbranches_south bankbranches_south_pkey; Type: CONSTRAINT; Schema: public; Owner: postgres
--

ALTER TABLE ONLY public.bankbranches_south
    ADD CONSTRAINT bankbranches_south_pkey PRIMARY KEY (bank_id, bank_region);


--
-- Name: marketsurvey marketsurvey_pkey; Type: CONSTRAINT; Schema: public; Owner: postgres
--

ALTER TABLE ONLY public.marketsurvey
    ADD CONSTRAINT marketsurvey_pkey PRIMARY KEY (survey_id);


--
-- Name: user_information user_information_pkey; Type: CONSTRAINT; Schema: public; Owner: postgres
--

ALTER TABLE ONLY public.user_information
    ADD CONSTRAINT user_information_pkey PRIMARY KEY (user_id);


--
-- Name: account_index; Type: INDEX; Schema: public; Owner: postgres
--

CREATE INDEX account_index ON public.account_information USING btree (account_id) INCLUDE (balance);


--
-- Name: bankbranches_default_pkey; Type: INDEX ATTACH; Schema: public; Owner: postgres
--

ALTER INDEX public.bankbranches_pkey ATTACH PARTITION public.bankbranches_default_pkey;


--
-- Name: bankbranches_north_pkey; Type: INDEX ATTACH; Schema: public; Owner: postgres
--

ALTER INDEX public.bankbranches_pkey ATTACH PARTITION public.bankbranches_north_pkey;


--
-- Name: bankbranches_south_pkey; Type: INDEX ATTACH; Schema: public; Owner: postgres
--

ALTER INDEX public.bankbranches_pkey ATTACH PARTITION public.bankbranches_south_pkey;


--
-- Name: account_credentials account_cred_tg; Type: TRIGGER; Schema: public; Owner: postgres
--

CREATE TRIGGER account_cred_tg AFTER UPDATE OF password ON public.account_credentials FOR EACH ROW EXECUTE FUNCTION public.account_cred_tg_fn();


--
-- Name: account_credentials account_credentials_account_id_fkey; Type: FK CONSTRAINT; Schema: public; Owner: postgres
--

ALTER TABLE ONLY public.account_credentials
    ADD CONSTRAINT account_credentials_account_id_fkey FOREIGN KEY (account_id) REFERENCES public.account_information(account_id);


--
-- Name: account_info_trans_history account_info_trans_history_trans_sourceid_fkey; Type: FK CONSTRAINT; Schema: public; Owner: postgres
--

ALTER TABLE ONLY public.account_info_trans_history
    ADD CONSTRAINT account_info_trans_history_trans_sourceid_fkey FOREIGN KEY (trans_sourceid) REFERENCES public.account_information(account_id);


--
-- Name: account_info_trans_history account_info_trans_history_trans_targetid_fkey; Type: FK CONSTRAINT; Schema: public; Owner: postgres
--

ALTER TABLE ONLY public.account_info_trans_history
    ADD CONSTRAINT account_info_trans_history_trans_targetid_fkey FOREIGN KEY (trans_targetid) REFERENCES public.account_information(account_id);


--
-- Name: account_information account_information_bank_id_bank_region_fkey; Type: FK CONSTRAINT; Schema: public; Owner: postgres
--

ALTER TABLE ONLY public.account_information
    ADD CONSTRAINT account_information_bank_id_bank_region_fkey FOREIGN KEY (bank_id, bank_region) REFERENCES public.bankbranches(bank_id, bank_region) MATCH FULL;


--
-- Name: account_information account_information_user_id_fkey; Type: FK CONSTRAINT; Schema: public; Owner: postgres
--

ALTER TABLE ONLY public.account_information
    ADD CONSTRAINT account_information_user_id_fkey FOREIGN KEY (user_id) REFERENCES public.user_information(user_id);


--
-- Name: account_credentials account_cred_policy; Type: POLICY; Schema: public; Owner: postgres
--

CREATE POLICY account_cred_policy ON public.account_credentials USING ((CURRENT_USER = 'postgres'::name));


--
-- Name: account_credentials; Type: ROW SECURITY; Schema: public; Owner: postgres
--

ALTER TABLE public.account_credentials ENABLE ROW LEVEL SECURITY;

--
-- Name: SCHEMA public; Type: ACL; Schema: -; Owner: pg_database_owner
--

GRANT ALL ON SCHEMA public TO chung;


--
-- Name: TABLE account_cred_his; Type: ACL; Schema: public; Owner: postgres
--

GRANT ALL ON TABLE public.account_cred_his TO chung;


--
-- Name: SEQUENCE account_cred_his_his_id_seq; Type: ACL; Schema: public; Owner: postgres
--

GRANT ALL ON SEQUENCE public.account_cred_his_his_id_seq TO chung;


--
-- Name: TABLE account_credentials; Type: ACL; Schema: public; Owner: postgres
--

GRANT ALL ON TABLE public.account_credentials TO chung;


--
-- Name: TABLE account_info_trans_history; Type: ACL; Schema: public; Owner: postgres
--

GRANT ALL ON TABLE public.account_info_trans_history TO chung;


--
-- Name: SEQUENCE account_info_trans_history_trans_id_seq; Type: ACL; Schema: public; Owner: postgres
--

GRANT ALL ON SEQUENCE public.account_info_trans_history_trans_id_seq TO chung;


--
-- Name: TABLE account_information; Type: ACL; Schema: public; Owner: postgres
--

GRANT ALL ON TABLE public.account_information TO chung;


--
-- Name: SEQUENCE account_information_account_id_seq; Type: ACL; Schema: public; Owner: postgres
--

GRANT ALL ON SEQUENCE public.account_information_account_id_seq TO chung;


--
-- Name: TABLE bankbranches; Type: ACL; Schema: public; Owner: postgres
--

GRANT ALL ON TABLE public.bankbranches TO chung;


--
-- Name: TABLE user_information; Type: ACL; Schema: public; Owner: postgres
--

GRANT ALL ON TABLE public.user_information TO chung;


--
-- Name: TABLE account_view; Type: ACL; Schema: public; Owner: postgres
--

GRANT ALL ON TABLE public.account_view TO chung;


--
-- Name: SEQUENCE bankbranches_bank_id_seq; Type: ACL; Schema: public; Owner: postgres
--

GRANT ALL ON SEQUENCE public.bankbranches_bank_id_seq TO chung;


--
-- Name: TABLE bankbranches_default; Type: ACL; Schema: public; Owner: postgres
--

GRANT ALL ON TABLE public.bankbranches_default TO chung;


--
-- Name: TABLE bankbranches_north; Type: ACL; Schema: public; Owner: postgres
--

GRANT ALL ON TABLE public.bankbranches_north TO chung;


--
-- Name: TABLE bankbranches_south; Type: ACL; Schema: public; Owner: postgres
--

GRANT ALL ON TABLE public.bankbranches_south TO chung;


--
-- Name: TABLE marketsurvey; Type: ACL; Schema: public; Owner: postgres
--

GRANT ALL ON TABLE public.marketsurvey TO chung;


--
-- Name: SEQUENCE marketsurvey_survey_id_seq; Type: ACL; Schema: public; Owner: postgres
--

GRANT ALL ON SEQUENCE public.marketsurvey_survey_id_seq TO chung;


--
-- Name: SEQUENCE user_information_user_id_seq; Type: ACL; Schema: public; Owner: postgres
--

GRANT ALL ON SEQUENCE public.user_information_user_id_seq TO chung;


--
-- PostgreSQL database dump complete
--

--
-- PostgreSQL database cluster dump complete
--

